AssemblyAccession	Taxid	LastMajorReleaseAccession	AssemblyName	Organism	SpeciesTaxid	SpeciesName	Synonym	superkingdom	phylum	class	order	family	genus	species
GCF_000204925.1	1006006	GCF_000204925.1	ASM20492v1	Metallosphaera cuprina Ar-4 (crenarchaeotes)	1006005	Metallosphaera cuprina	GCA_000204925.1GCF_000204925.1identical	Archaea	Crenarchaeota	Thermoprotei	Sulfolobales	Sulfolobaceae	Metallosphaera	Metallosphaera cuprina
GCF_000340315.1	1028566	GCF_000340315.1	ASM34031v1	Sulfolobus acidocaldarius N8 (crenarchaeotes)	2285	Sulfolobus acidocaldarius	GCA_000340315.1GCF_000340315.1identical	Archaea	Crenarchaeota	Thermoprotei	Sulfolobales	Sulfolobaceae	Sulfolobus	Sulfolobus acidocaldarius
GCF_000338775.1	1028567	GCF_000338775.1	ASM33877v1	Sulfolobus acidocaldarius Ron12/I (crenarchaeotes)	2285	Sulfolobus acidocaldarius	GCA_000338775.1GCF_000338775.1identical	Archaea	Crenarchaeota	Thermoprotei	Sulfolobales	Sulfolobaceae	Sulfolobus	Sulfolobus acidocaldarius
GCF_000470655.1	1033806	GCF_000470655.1	HATI1	Halorhabdus tiamatea SARL4B (euryarchaeotes)	430914	Halorhabdus tiamatea	GCA_000470655.1GCF_000470655.1identical	Archaea	Euryarchaeota	Halobacteria	Halobacteriales	Haloarculaceae	Halorhabdus	Halorhabdus tiamatea
GCF_000251105.1	1041930	GCF_000251105.1	ASM25110v1	Methanocella conradii HZ254 (euryarchaeotes)	1175444	Methanocella conradii	GCA_000251105.1GCF_000251105.1identical	Archaea	Euryarchaeota	Methanomicrobia	Methanocellales	Methanocellaceae	Methanocella	Methanocella conradii
GCF_000221185.1	1042877	GCF_000221185.1	ASM22118v1	Thermococcus sp. 4557 (euryarchaeotes)	1042877	Thermococcus sp. 4557	GCA_000221185.1GCF_000221185.1identical	Archaea	Euryarchaeota	Thermococci	Thermococcales	Thermococcaceae	Thermococcus	Thermococcus sp. 4557
GCF_002355635.1	1048396	GCF_002355635.1	ASM235563v1	Halopenitus persicus (euryarchaeotes)	1048396	Halopenitus persicus	GCA_002355635.1GCF_002355635.1identical	Archaea	Euryarchaeota	Halobacteria	Haloferacales	Halorubraceae	Halopenitus	Halopenitus persicus
GCF_000220645.1	1053692	GCF_000220645.1	ASM22064v1	Methanococcus maripaludis X1 (euryarchaeotes)	39152	Methanococcus maripaludis	GCA_000220645.1GCF_000220645.1identical	Archaea	Euryarchaeota	Methanococci	Methanococcales	Methanococcaceae	Methanococcus	Methanococcus maripaludis
GCF_000350305.1	1054217	GCF_000350305.1	ASM35030v1	Thermoplasmatales archaeon BRNA1 (euryarchaeotes)	1054217	Thermoplasmatales archaeon BRNA1	GCA_000350305.1GCF_000350305.1identical	Archaea	Euryarchaeota	Thermoplasmata	Thermoplasmatales	NA	NA	Thermoplasmatales archaeon BRNA1
GCF_000317795.1	1056495	GCF_000317795.1	ASM31779v1	Caldisphaera lagunensis DSM 15908 (crenarchaeotes)	200415	Caldisphaera lagunensis	GCA_000317795.1GCF_000317795.1identical	Archaea	Crenarchaeota	Thermoprotei	Acidilobales	Caldisphaeraceae	Caldisphaera	Caldisphaera lagunensis
GCF_002788215.1	1073996	GCF_002788215.1	ASM278821v1	Halohasta litchfieldiae (euryarchaeotes)	1073996	Halohasta litchfieldiae	GCA_002788215.1GCF_002788215.1identical	Archaea	Euryarchaeota	Halobacteria	Haloferacales	Halorubraceae	Halohasta	Halohasta litchfieldiae
GCF_000306725.1	1094980	GCF_000306725.1	ASM30672v1	Methanolobus psychrophilus R15 (euryarchaeotes)	420950	Methanolobus psychrophilus	GCA_000306725.1GCF_000306725.1identical	Archaea	Euryarchaeota	Methanomicrobia	Methanosarcinales	Methanosarcinaceae	Methanolobus	Methanolobus psychrophilus
GCF_000235565.1	1110509	GCF_000235565.1	ASM23556v1	Methanosaeta harundinacea 6Ac (euryarchaeotes)	301375	Methanosaeta harundinacea	GCA_000235565.1GCF_000235565.1identical	Archaea	Euryarchaeota	Methanomicrobia	Methanosarcinales	Methanosaetaceae	Methanothrix	Methanosaeta harundinacea
GCF_001006045.1	113653	GCF_001006045.1	ASM100604v1	Geoglobus ahangari (euryarchaeotes)	113653	Geoglobus ahangari	GCA_001006045.1GCF_001006045.1identical	Archaea	Euryarchaeota	Archaeoglobi	Archaeoglobales	Archaeoglobaceae	Geoglobus	Geoglobus ahangari
GCF_900095295.1	118062	GCF_900095295.1	MCBB	Methanobacterium congolense (euryarchaeotes)	118062	Methanobacterium congolense	GCA_900095295.1GCF_900095295.1identical	Archaea	Euryarchaeota	Methanobacteria	Methanobacteriales	Methanobacteriaceae	Methanobacterium	Methanobacterium congolense
GCF_000263735.1	1183377	GCF_000263735.1	ASM26373v1	Pyrococcus sp. ST04 (euryarchaeotes)	1183377	Pyrococcus sp. ST04	GCA_000263735.1GCF_000263735.1identical	Archaea	Euryarchaeota	Thermococci	Thermococcales	Thermococcaceae	Pyrococcus	Pyrococcus sp. ST04
GCF_000264495.1	1184251	GCF_000264495.1	ASM26449v1	Thermogladius calderae 1633 (crenarchaeotes)	1200300	Thermogladius calderae	GCA_000264495.1GCF_000264495.1identical	Archaea	Crenarchaeota	Thermoprotei	Desulfurococcales	Desulfurococcaceae	Thermogladius	Thermogladius calderae
GCF_000275605.1	1185654	GCF_000275605.1	ASM27560v1	Pyrococcus furiosus COM1 (euryarchaeotes)	2261	Pyrococcus furiosus	GCA_000275605.1GCF_000275605.1identical	Archaea	Euryarchaeota	Thermococci	Thermococcales	Thermococcaceae	Pyrococcus	Pyrococcus furiosus
GCF_000304355.2	1201294	GCF_000304355.2	Mb_MS2	Methanoculleus bourgensis MS2 (euryarchaeotes)	83986	Methanoculleus bourgensis	GCA_000304355.2GCF_000304355.2identical	Archaea	Euryarchaeota	Methanomicrobia	Methanomicrobiales	Methanomicrobiaceae	Methanoculleus	Methanoculleus bourgensis
GCF_002214525.1	122420	GCF_002214525.1	ASM221452v1	Thermococcus sp. P6 (euryarchaeotes)	122420	Thermococcus sp. P6	GCA_002214525.1GCF_002214525.1identical	Archaea	Euryarchaeota	Thermococci	Thermococcales	Thermococcaceae	Thermococcus	Thermococcus sp. P6
GCF_000299395.1	1229909	GCF_000299395.1	ASM29939v1	Candidatus Nitrosopumilus sediminis (archaea)	1229909	Candidatus Nitrosopumilus sediminis	GCA_000299395.1GCF_000299395.1identical	Archaea	Thaumarchaeota	NA	Nitrosopumilales	Nitrosopumilaceae	Nitrosopumilus	Candidatus Nitrosopumilus sediminis
GCF_000300255.2	1236689	GCF_000300255.2	ASM30025v2	Candidatus Methanomethylophilus alvus Mx1201 (euryarchaeotes)	1291540	Candidatus Methanomethylophilus alvus	GCA_000300255.2GCF_000300255.2identical	Archaea	Euryarchaeota	Thermoplasmata	Methanomassiliicoccales	Candidatus Methanomethylophilaceae	Candidatus Methanomethylophilus	Candidatus Methanomethylophilus alvus
GCF_000364745.1	1241935	GCF_000364745.1	ASM36474v1	Sulfolobus islandicus LAL14/1 (crenarchaeotes)	43080	Sulfolobus islandicus	GCA_000364745.1GCF_000364745.1identical	Archaea	Crenarchaeota	Thermoprotei	Sulfolobales	Sulfolobaceae	Sulfolobus	Sulfolobus islandicus
GCF_001412615.1	1273541	GCF_001412615.1	ASM141261v1	Pyrodictium delaneyi (crenarchaeotes)	1273541	Pyrodictium delaneyi	GCA_001412615.1GCF_001412615.1identical	Archaea	Crenarchaeota	Thermoprotei	Desulfurococcales	Pyrodictiaceae	Pyrodictium	Pyrodictium delaneyi
GCF_003711245.1	1291540	GCF_003711245.1	ASM371124v1	Candidatus Methanomethylophilus alvus (euryarchaeotes)	1291540	Candidatus Methanomethylophilus alvus	GCA_003711245.1GCF_003711245.1identical	Archaea	Euryarchaeota	Thermoplasmata	Methanomassiliicoccales	Candidatus Methanomethylophilaceae	Candidatus Methanomethylophilus	Candidatus Methanomethylophilus alvus
GCF_003201675.1	1293036	GCF_003201675.1	ASM320167v1	Metallosphaera hakonensis JCM 8857 = DSM 7519 (crenarchaeotes)	79601	Metallosphaera hakonensis	GCA_003201675.1GCF_003201675.1identical	Archaea	Crenarchaeota	Thermoprotei	Sulfolobales	Sulfolobaceae	Metallosphaera	Metallosphaera hakonensis
GCF_002214365.1	1293037	GCF_002214365.1	ASM221436v1	Thermococcus celer Vu 13 = JCM 8558 (euryarchaeotes)	2264	Thermococcus celer	GCA_002214365.1GCF_002214365.1identical	Archaea	Euryarchaeota	Thermococci	Thermococcales	Thermococcaceae	Thermococcus	Thermococcus celer
GCF_000404225.1	1295009	GCF_000404225.1	ASM40422v1	Candidatus Methanomassiliicoccus intestinalis Issoire-Mx1 (euryarchaeotes)	1406512	Candidatus Methanomassiliicoccus intestinalis	GCA_000404225.1GCF_000404225.1identical	Archaea	Euryarchaeota	Thermoplasmata	Methanomassiliicoccales	Methanomassiliicoccaceae	Methanomassiliicoccus	Candidatus Methanomassiliicoccus intestinalis
GCF_000739065.1	1301915	GCF_000739065.1	ASM73906v1	Methanocaldococcus bathoardescens (euryarchaeotes)	1301915	Methanocaldococcus bathoardescens	GCA_000739065.1GCF_000739065.1identical	Archaea	Euryarchaeota	Methanococci	Methanococcales	Methanocaldococcaceae	Methanocaldococcus	Methanocaldococcus bathoardescens
GCF_000403645.1	1333523	GCF_000403645.1	ASM40364v1	Salinarchaeum sp. Harcht-Bsk1 (euryarchaeotes)	1333523	Salinarchaeum sp. Harcht-Bsk1	GCA_000403645.1GCF_000403645.1identical	Archaea	Euryarchaeota	Halobacteria	Natrialbales	Natrialbaceae	Salinarchaeum	Salinarchaeum sp. Harcht-Bsk1
GCF_000725425.1	1343739	GCF_000725425.1	ASM72542v1	Palaeococcus pacificus DY20341 (euryarchaeotes)	971279	Palaeococcus pacificus	GCA_000725425.1GCF_000725425.1identical	Archaea	Euryarchaeota	Thermococci	Thermococcales	Thermococcaceae	Palaeococcus	Palaeococcus pacificus
GCF_000734035.1	1344584	GCF_000734035.1	ASM73403v1	Archaeoglobus fulgidus DSM 8774 (euryarchaeotes)	2234	Archaeoglobus fulgidus	GCA_000734035.1GCF_000734035.1identical	Archaea	Euryarchaeota	Archaeoglobi	Archaeoglobales	Archaeoglobaceae	Archaeoglobus	Archaeoglobus fulgidus
GCF_000446015.1	1365176	GCF_000446015.1	ASM44601v1	Thermofilum adornatus (crenarchaeotes)	1365176	Thermofilum adornatus	GCA_000446015.1GCF_000446015.1identical	Archaea	Crenarchaeota	Thermoprotei	Thermoproteales	Thermofilaceae	Thermofilum	Thermofilum adornatus
GCF_000499765.1	1379702	GCF_000499765.1	Methanobacterium	Methanobacterium sp. MB1 (euryarchaeotes)	1379702	Methanobacterium sp. MB1	GCA_000499765.1GCF_000499765.1identical	Archaea	Euryarchaeota	Methanobacteria	Methanobacteriales	Methanobacteriaceae	Methanobacterium	Methanobacterium sp. MB1
GCF_001488575.1	1407499	GCF_001488575.1	Halobacterium hubeiense JI20-1	Halobacterium hubeiense (euryarchaeotes)	1407499	Halobacterium hubeiense	GCA_001488575.1GCF_001488575.1identical	Archaea	Euryarchaeota	Halobacteria	Halobacteriales	Halobacteriaceae	Halobacterium	Halobacterium hubeiense
GCF_000812185.1	1410606	GCF_000812185.1	ASM81218v1	Candidatus Nitrosopelagicus brevis (archaea)	1410606	Candidatus Nitrosopelagicus brevis	GCA_000812185.1GCF_000812185.1identical	Archaea	Thaumarchaeota	NA	NA	NA	Candidatus Nitrosopelagicus	Candidatus Nitrosopelagicus brevis
GCF_000504565.1	1417673	GCF_000504565.1	ASM50456v2	Haloarcula hispanica N601 (euryarchaeotes)	51589	Haloarcula hispanica	GCA_000504565.2GCF_000504565.1identical	Archaea	Euryarchaeota	Halobacteria	Halobacteriales	Haloarculaceae	Haloarcula	Haloarcula hispanica
GCF_000816105.1	1432656	GCF_000816105.1	ASM81610v1	Thermococcus guaymasensis DSM 11113 (euryarchaeotes)	110164	Thermococcus guaymasensis	GCA_000816105.1GCF_000816105.1identical	Archaea	Euryarchaeota	Thermococci	Thermococcales	Thermococcaceae	Thermococcus	Thermococcus guaymasensis
GCF_000969945.1	1434099	GCF_000969945.1	ASM96994v1	Methanosarcina sp. Kolksee (euryarchaeotes)	1434099	Methanosarcina sp. Kolksee	GCA_000969945.1GCF_000969945.1identical	Archaea	Euryarchaeota	Methanomicrobia	Methanosarcinales	Methanosarcinaceae	Methanosarcina	Methanosarcina sp. Kolksee
GCF_000970045.1	1434100	GCF_000970045.1	ASM97004v1	Methanosarcina sp. MTP4 (euryarchaeotes)	1434100	Methanosarcina sp. MTP4	GCA_000970045.1GCF_000970045.1identical	Archaea	Euryarchaeota	Methanomicrobia	Methanosarcinales	Methanosarcinaceae	Methanosarcina	Methanosarcina sp. MTP4
GCF_000970005.1	1434102	GCF_000970005.1	ASM97000v1	Methanosarcina sp. WH1 (euryarchaeotes)	1434102	Methanosarcina sp. WH1	GCA_000970005.1GCF_000970005.1identical	Archaea	Euryarchaeota	Methanomicrobia	Methanosarcinales	Methanosarcinaceae	Methanosarcina	Methanosarcina sp. WH1
GCF_000969965.1	1434103	GCF_000969965.1	ASM96996v1	Methanosarcina sp. WWM596 (euryarchaeotes)	1434103	Methanosarcina sp. WWM596	GCA_000969965.1GCF_000969965.1identical	Archaea	Euryarchaeota	Methanomicrobia	Methanosarcinales	Methanosarcinaceae	Methanosarcina	Methanosarcina sp. WWM596
GCF_000970325.1	1434104	GCF_000970325.1	ASM97032v1	Methanococcoides methylutens MM1 (euryarchaeotes)	2226	Methanococcoides methylutens	GCA_000970325.1GCF_000970325.1identical	Archaea	Euryarchaeota	Methanomicrobia	Methanosarcinales	Methanosarcinaceae	Methanococcoides	Methanococcoides methylutens
GCF_000970065.1	1434106	GCF_000970065.1	ASM97006v1	Methanosarcina barkeri 227 (euryarchaeotes)	2208	Methanosarcina barkeri	GCA_000970065.1GCF_000970065.1identical	Archaea	Euryarchaeota	Methanomicrobia	Methanosarcinales	Methanosarcinaceae	Methanosarcina	Methanosarcina barkeri
GCF_000970305.1	1434107	GCF_000970305.1	ASM97030v1	Methanosarcina barkeri 3 (euryarchaeotes)	2208	Methanosarcina barkeri	GCA_000970305.1GCF_000970305.1identical	Archaea	Euryarchaeota	Methanomicrobia	Methanosarcinales	Methanosarcinaceae	Methanosarcina	Methanosarcina barkeri
GCF_000970025.1	1434108	GCF_000970025.1	ASM97002v1	Methanosarcina barkeri MS (euryarchaeotes)	2208	Methanosarcina barkeri	GCA_000970025.1GCF_000970025.1identical	Archaea	Euryarchaeota	Methanomicrobia	Methanosarcinales	Methanosarcinaceae	Methanosarcina	Methanosarcina barkeri
GCF_000969985.1	1434109	GCF_000969985.1	ASM96998v1	Methanosarcina barkeri str. Wiesmoor (euryarchaeotes)	2208	Methanosarcina barkeri	GCA_000969985.1GCF_000969985.1identical	Archaea	Euryarchaeota	Methanomicrobia	Methanosarcinales	Methanosarcinaceae	Methanosarcina	Methanosarcina barkeri
GCF_000970285.1	1434110	GCF_000970285.1	ASM97028v1	Methanosarcina horonobensis HB-1 = JCM 15518 (euryarchaeotes)	418008	Methanosarcina horonobensis	GCA_000970285.1GCF_000970285.1identical	Archaea	Euryarchaeota	Methanomicrobia	Methanosarcinales	Methanosarcinaceae	Methanosarcina	Methanosarcina horonobensis
GCF_000970265.1	1434111	GCF_000970265.1	ASM97026v1	Methanosarcina lacustris Z-7289 (euryarchaeotes)	170861	Methanosarcina lacustris	GCA_000970265.1GCF_000970265.1identical	Archaea	Euryarchaeota	Methanomicrobia	Methanosarcinales	Methanosarcinaceae	Methanosarcina	Methanosarcina lacustris
GCF_000970245.1	1434113	GCF_000970245.1	ASM97024v1	Methanosarcina mazei C16 (euryarchaeotes)	2209	Methanosarcina mazei	GCA_000970245.1GCF_000970245.1identical	Archaea	Euryarchaeota	Methanomicrobia	Methanosarcinales	Methanosarcinaceae	Methanosarcina	Methanosarcina mazei
GCF_000970225.1	1434114	GCF_000970225.1	ASM97022v1	Methanosarcina mazei LYC (euryarchaeotes)	2209	Methanosarcina mazei	GCA_000970225.1GCF_000970225.1identical	Archaea	Euryarchaeota	Methanomicrobia	Methanosarcinales	Methanosarcinaceae	Methanosarcina	Methanosarcina mazei
GCF_000970185.1	1434115	GCF_000970185.1	ASM97018v1	Methanosarcina mazei SarPi (euryarchaeotes)	2209	Methanosarcina mazei	GCA_000970185.1GCF_000970185.1identical	Archaea	Euryarchaeota	Methanomicrobia	Methanosarcinales	Methanosarcinaceae	Methanosarcina	Methanosarcina mazei
GCF_000970165.1	1434117	GCF_000970165.1	ASM97016v1	Methanosarcina mazei WWM610 (euryarchaeotes)	2209	Methanosarcina mazei	GCA_000970165.1GCF_000970165.1identical	Archaea	Euryarchaeota	Methanomicrobia	Methanosarcinales	Methanosarcinaceae	Methanosarcina	Methanosarcina mazei
GCF_000970145.1	1434118	GCF_000970145.1	ASM97014v1	Methanosarcina siciliae C2J (euryarchaeotes)	38027	Methanosarcina siciliae	GCA_000970145.1GCF_000970145.1identical	Archaea	Euryarchaeota	Methanomicrobia	Methanosarcinales	Methanosarcinaceae	Methanosarcina	Methanosarcina siciliae
GCF_000970085.1	1434120	GCF_000970085.1	ASM97008v1	Methanosarcina siciliae T4/M (euryarchaeotes)	38027	Methanosarcina siciliae	GCA_000970085.1GCF_000970085.1identical	Archaea	Euryarchaeota	Methanomicrobia	Methanosarcinales	Methanosarcinaceae	Methanosarcina	Methanosarcina siciliae
GCF_000969905.1	1434123	GCF_000969905.1	ASM96990v1	Methanosarcina vacuolata Z-761 (euryarchaeotes)	2215	Methanosarcina vacuolata	GCA_000969905.1GCF_000969905.1identical	Archaea	Euryarchaeota	Methanomicrobia	Methanosarcinales	Methanosarcinaceae	Methanosarcina	Methanosarcina vacuolata
GCF_900095815.1	145261	GCF_900095815.1	SIV6	Methanothermobacter wolfeii (euryarchaeotes)	145261	Methanothermobacter wolfeii	GCA_900095815.1GCF_900095815.1identical	Archaea	Euryarchaeota	Methanobacteria	Methanobacteriales	Methanobacteriaceae	Methanothermobacter	Methanothermobacter wolfeii
GCF_004799665.1	1457250	GCF_004799665.1	ASM479966v1	Halapricum salinum (euryarchaeotes)	1457250	Halapricum salinum	GCA_004799665.1GCF_004799665.1identical	Archaea	Euryarchaeota	Halobacteria	Halobacteriales	Haloarculaceae	Halapricum	Halapricum salinum
GCF_001560915.1	1495144	GCF_001560915.1	ASM156091v1	methanogenic archaeon ISO4-H5 (euryarchaeotes)	1495144	methanogenic archaeon ISO4-H5	GCA_001560915.1GCF_001560915.1identical	Archaea	Euryarchaeota	Thermoplasmata	NA	NA	NA	methanogenic archaeon ISO4-H5
GCF_000769655.1	1505907	GCF_000769655.1	ASM76965v1	Thermococcus eurythermalis (euryarchaeotes)	1505907	Thermococcus eurythermalis	GCA_000769655.1GCF_000769655.1identical	Archaea	Euryarchaeota	Thermococci	Thermococcales	Thermococcaceae	Thermococcus	Thermococcus eurythermalis
GCF_003342675.1	1547898	GCF_003342675.1	ASM334267v1	Haloplanus sp. CBA1112 (euryarchaeotes)	1547898	Haloplanus sp. CBA1112	GCA_003342675.1GCF_003342675.1identical	Archaea	Euryarchaeota	Halobacteria	Haloferacales	Haloferacaceae	Haloplanus	Haloplanus sp. CBA1112
GCF_003342695.1	1547899	GCF_003342695.1	ASM334269v1	Haloplanus sp. CBA1113 (euryarchaeotes)	1547899	Haloplanus sp. CBA1113	GCA_003342695.1GCF_003342695.1identical	Archaea	Euryarchaeota	Halobacteria	Haloferacales	Haloferacaceae	Haloplanus	Haloplanus sp. CBA1113
GCF_000993805.1	1550241	GCF_000993805.1	ASM99380v1	Thermofilum uzonense (crenarchaeotes)	1550241	Thermofilum uzonense	GCA_000993805.1GCF_000993805.1identical	Archaea	Crenarchaeota	Thermoprotei	Thermoproteales	Thermofilaceae	Thermofilum	Thermofilum uzonense
GCF_003431325.1	1577685	GCF_003431325.1	ASM343132v1	Acidilobus sp. 7A (crenarchaeotes)	1577685	Acidilobus sp. 7A	GCA_003431325.1GCF_003431325.1identical	Archaea	Crenarchaeota	Thermoprotei	Acidilobales	Acidilobaceae	Acidilobus	Acidilobus sp. 7A
GCF_000800805.1	1577791	GCF_000800805.1	ASM80080v1	Candidatus Methanoplasma termitum (euryarchaeotes)	1577791	Candidatus Methanoplasma termitum	GCA_000800805.1GCF_000800805.1identical	Archaea	Euryarchaeota	Thermoplasmata	Methanomassiliicoccales	Methanomassiliicoccaceae	Candidatus Methanoplasma	Candidatus Methanoplasma termitum
GCF_000956175.1	1580092	GCF_000956175.1	ASM95617v1	Candidatus Nitrosopumilus adriaticus (archaea)	1580092	Candidatus Nitrosopumilus adriaticus	GCA_000956175.1GCF_000956175.1identical	Archaea	Thaumarchaeota	NA	Nitrosopumilales	Nitrosopumilaceae	Nitrosopumilus	Candidatus Nitrosopumilus adriaticus
GCF_000827835.1	1592728	GCF_000827835.1	ASM82783v1	Haloarcula sp. CBA1115 (euryarchaeotes)	1592728	Haloarcula sp. CBA1115	GCA_000827835.1GCF_000827835.1identical	Archaea	Euryarchaeota	Halobacteria	Halobacteriales	Haloarculaceae	Haloarcula	Haloarcula sp. CBA1115
GCF_000955905.1	1603555	GCF_000955905.1	ASM95590v3	Candidatus Nitrosotenuis cloacae (archaea)	1603555	Candidatus Nitrosotenuis cloacae	GCA_000955905.3GCF_000955905.1identical	Archaea	Thaumarchaeota	NA	NA	NA	Candidatus Nitrosotenuis	Candidatus Nitrosotenuis cloacae
GCF_001305655.1	1604004	GCF_001305655.1	ASM130565v1	Halanaeroarchaeum sulfurireducens (euryarchaeotes)	1604004	Halanaeroarchaeum sulfurireducens	GCA_001305655.1GCF_001305655.1identical	Archaea	Euryarchaeota	Halobacteria	Halobacteriales	Halobacteriaceae	Halanaeroarchaeum	Halanaeroarchaeum sulfurireducens
GCF_001011115.1	1604004	GCF_001011115.1	ASM101111v1	Halanaeroarchaeum sulfurireducens (euryarchaeotes)	1604004	Halanaeroarchaeum sulfurireducens	GCA_001011115.1GCF_001011115.1identical	Archaea	Euryarchaeota	Halobacteria	Halobacteriales	Halobacteriaceae	Halanaeroarchaeum	Halanaeroarchaeum sulfurireducens
GCF_001577775.1	1609559	GCF_001577775.1	ASM157777v1	Pyrococcus kukulkanii (euryarchaeotes)	1609559	Pyrococcus kukulkanii	GCA_001577775.1GCF_001577775.1identical	Archaea	Euryarchaeota	Thermococci	Thermococcales	Thermococcaceae	Pyrococcus	Pyrococcus kukulkanii
GCF_001548675.1	1609968	GCF_001548675.1	ASM154867v1	Methanobrevibacter sp. YE315 (euryarchaeotes)	1609968	Methanobrevibacter sp. YE315	GCA_001548675.1GCF_001548675.1identical	Archaea	Euryarchaeota	Methanobacteria	Methanobacteriales	Methanobacteriaceae	Methanobrevibacter	Methanobrevibacter sp. YE315
GCF_000265525.1	163003	GCF_000265525.1	ASM26552v1	Thermococcus cleftensis (euryarchaeotes)	163003	Thermococcus cleftensis	GCA_000265525.1GCF_000265525.1identical	Archaea	Euryarchaeota	Thermococci	Thermococcales	Thermococcaceae	Thermococcus	Thermococcus cleftensis
GCF_003967175.1	1670455	GCF_003967175.1	Sacidi_1.0	Sulfodiicoccus acidiphilus (crenarchaeotes)	1670455	Sulfodiicoccus acidiphilus	GCA_003967175.1GCF_003967175.1identical	Archaea	Crenarchaeota	Thermoprotei	Sulfolobales	Sulfolobaceae	Sulfodiicoccus	Sulfodiicoccus acidiphilus
GCF_900090055.1	1673428	GCF_900090055.1	C.divulgatum PM4	Cuniculiplasma divulgatum (euryarchaeotes)	1673428	Cuniculiplasma divulgatum	GCA_900090055.1GCF_900090055.1identical	Archaea	Euryarchaeota	Thermoplasmata	Thermoplasmatales	Cuniculiplasmataceae	Cuniculiplasma	Cuniculiplasma divulgatum
GCF_001484685.1	1674923	GCF_001484685.1	ASM148468v1	Thermococcus sp. 2319x1 (euryarchaeotes)	1674923	Thermococcus sp. 2319x1	GCA_001484685.1GCF_001484685.1identical	Archaea	Euryarchaeota	Thermococci	Thermococcales	Thermococcaceae	Thermococcus	Thermococcus sp. 2319x1
GCF_003058365.1	1679096	GCF_003058365.1	ASM305836v1	Haloarculaceae archaeon HArcel1 (euryarchaeotes)	1679096	Haloarculaceae archaeon HArcel1	GCA_003058365.1GCF_003058365.1identical	Archaea	Euryarchaeota	Halobacteria	Halobacteriales	Haloarculaceae	NA	Haloarculaceae archaeon HArcel1
GCF_001647085.1	1712654	GCF_001647085.1	ASM164708v1	Thermococcus piezophilus (euryarchaeotes)	1712654	Thermococcus piezophilus	GCA_001647085.1GCF_001647085.1identical	Archaea	Euryarchaeota	Thermococci	Thermococcales	Thermococcaceae	Thermococcus	Thermococcus piezophilus
GCF_000007225.1	178306	GCF_000007225.1	ASM722v1	Pyrobaculum aerophilum str. IM2 (crenarchaeotes)	13773	Pyrobaculum aerophilum	GCA_000007225.1GCF_000007225.1identical	Archaea	Crenarchaeota	Thermoprotei	Thermoproteales	Thermoproteaceae	Pyrobaculum	Pyrobaculum aerophilum
GCF_003268005.1	1789762	GCF_003268005.1	ASM326800v1	Methanosphaera sp. BMS (euryarchaeotes)	1789762	Methanosphaera sp. BMS	GCA_003268005.1GCF_003268005.1identical	Archaea	Euryarchaeota	Methanobacteria	Methanobacteriales	Methanobacteriaceae	Methanosphaera	Methanosphaera sp. BMS
GCF_900696045.1	1798806	GCF_900696045.1	Nitrosocosmicus franklandus C13	Candidatus Nitrosocosmicus franklandus (archaea)	1798806	Candidatus Nitrosocosmicus franklandus	GCA_900696045.1GCF_900696045.1identical	Archaea	Thaumarchaeota	Nitrososphaeria	Nitrososphaerales	Nitrososphaeraceae	Candidatus Nitrosocosmicus	Candidatus Nitrosocosmicus franklandus
GCF_002787055.1	1846278	GCF_002787055.1	ASM278705v1	Candidatus Nitrosotenuis aquarius (archaea)	1846278	Candidatus Nitrosotenuis aquarius	GCA_002787055.1GCF_002787055.1identical	Archaea	Thaumarchaeota	NA	NA	NA	Candidatus Nitrosotenuis	Candidatus Nitrosotenuis aquarius
GCF_000007305.1	186497	GCF_000007305.1	ASM730v1	Pyrococcus furiosus DSM 3638 (euryarchaeotes)	2261	Pyrococcus furiosus	GCA_000007305.1GCF_000007305.1identical	Archaea	Euryarchaeota	Thermococci	Thermococcales	Thermococcaceae	Pyrococcus	Pyrococcus furiosus
GCF_001767315.1	1873524	GCF_001767315.1	ASM176731v1	Halodesulfurarchaeum formicicum (euryarchaeotes)	1873524	Halodesulfurarchaeum formicicum	GCA_001767315.1GCF_001767315.1identical	Archaea	Euryarchaeota	Halobacteria	Halobacteriales	Halobacteriaceae	Halodesulfurarchaeum	Halodesulfurarchaeum formicicum
GCF_001886955.1	1873524	GCF_001886955.1	ASM188695v1	Halodesulfurarchaeum formicicum (euryarchaeotes)	1873524	Halodesulfurarchaeum formicicum	GCA_001886955.1GCF_001886955.1identical	Archaea	Euryarchaeota	Halobacteria	Halobacteriales	Halobacteriaceae	Halodesulfurarchaeum	Halodesulfurarchaeum formicicum
GCF_000008645.1	187420	GCF_000008645.1	ASM864v1	Methanothermobacter thermautotrophicus str. Delta H (euryarchaeotes)	145262	Methanothermobacter thermautotrophicus	GCA_000008645.1GCF_000008645.1identical	Archaea	Euryarchaeota	Methanobacteria	Methanobacteriales	Methanobacteriaceae	Methanothermobacter	Methanothermobacter thermautotrophicus
GCF_002214565.1	187880	GCF_002214565.1	ASM221456v1	Thermococcus radiotolerans (euryarchaeotes)	187880	Thermococcus radiotolerans	GCA_002214565.1GCF_002214565.1identical	Archaea	Euryarchaeota	Thermococci	Thermococcales	Thermococcaceae	Thermococcus	Thermococcus radiotolerans
GCF_001719125.1	1891280	GCF_001719125.1	ASM171912v1	Sulfolobus sp. A20 (crenarchaeotes)	1891280	Sulfolobus sp. A20	GCA_001719125.1GCF_001719125.1identical	Archaea	Crenarchaeota	Thermoprotei	Sulfolobales	Sulfolobaceae	Sulfolobus	Sulfolobus sp. A20
GCF_002156965.1	1898749	GCF_002156965.1	ASM215696v1	Candidatus Nitrosomarinus catalina (archaea)	1898749	Candidatus Nitrosomarinus catalina	GCA_002156965.1GCF_002156965.1identical	Archaea	Thaumarchaeota	NA	Nitrosopumilales	Nitrosopumilaceae	Candidatus Nitrosomarinus	Candidatus Nitrosomarinus catalina
GCF_002813675.1	1911685	GCF_002813675.1	ASM281367v1	Methanobacterium sp. MZ-A1 (euryarchaeotes)	1911685	Methanobacterium sp. MZ-A1	GCA_002813675.1GCF_002813675.1identical	Archaea	Euryarchaeota	Methanobacteria	Methanobacteriales	Methanobacteriaceae	Methanobacterium	Methanobacterium sp. MZ-A1
GCF_002214165.1	1920749	GCF_002214165.1	ASM221416v1	Candidatus Mancarchaeum acidiphilum (archaea)	1920749	Candidatus Mancarchaeum acidiphilum	GCA_002214165.1GCF_002214165.1identical	Archaea	Candidatus Micrarchaeota	NA	NA	NA	Candidatus Mancarchaeum	Candidatus Mancarchaeum acidiphilum
GCF_000007065.1	192952	GCF_000007065.1	ASM706v1	Methanosarcina mazei Go1 (euryarchaeotes)	2209	Methanosarcina mazei	GCA_000007065.1GCF_000007065.1identical	Archaea	Euryarchaeota	Methanomicrobia	Methanosarcinales	Methanosarcinaceae	Methanosarcina	Methanosarcina mazei
GCF_002844335.1	1932004	GCF_002844335.1	ASM284433v1	Haloarcula taiwanensis (euryarchaeotes)	1932004	Haloarcula taiwanensis	GCA_002844335.1GCF_002844335.1identical	Archaea	Euryarchaeota	Halobacteria	Halobacteriales	Haloarculaceae	Haloarcula	Haloarcula taiwanensis
GCF_001989615.1	1932360	GCF_001989615.1	ASM198961v1	Halorientalis sp. IM1011 (euryarchaeotes)	1932360	Halorientalis sp. IM1011	GCA_001989615.1GCF_001989615.1identical	Archaea	Euryarchaeota	Halobacteria	Halobacteriales	Haloarculaceae	Halorientalis	Halorientalis sp. IM1011
GCF_000585495.1	195522	GCF_000585495.1	ASM58549v1	Thermococcus nautili (euryarchaeotes)	195522	Thermococcus nautili	GCA_000585495.1GCF_000585495.1identical	Archaea	Euryarchaeota	Thermococci	Thermococcales	Thermococcaceae	Thermococcus	Thermococcus nautili
GCF_002197185.1	2008440	GCF_002197185.1	ASM219718v1	Thermococcus sp. 5-4 (euryarchaeotes)	2008440	Thermococcus sp. 5-4	GCA_002197185.1GCF_002197185.1identical	Archaea	Euryarchaeota	Thermococci	Thermococcales	Thermococcaceae	Thermococcus	Thermococcus sp. 5-4
GCF_900198835.1	2016361	GCF_900198835.1	chr_EXT12c	Thermococcus sp. EXT12c (euryarchaeotes)	2016361	Thermococcus sp. EXT12c	GCA_900198835.1GCF_900198835.1identical	Archaea	Euryarchaeota	Thermococci	Thermococcales	Thermococcaceae	Thermococcus	Thermococcus sp. EXT12c
GCF_003430825.1	2044521	GCF_003430825.1	ASM343082v1	Natronolimnobius sp. AArc1 (euryarchaeotes)	2044521	Natronolimnobius sp. AArc1	GCA_003430825.1GCF_003430825.1identical	Archaea	Euryarchaeota	Halobacteria	Natrialbales	Natrialbaceae	Natronolimnobius	Natronolimnobius sp. AArc1
GCF_002906215.1	2045011	GCF_002906215.1	ASM290621v1	Candidatus Nitrosocaldus islandicus (archaea)	2045011	Candidatus Nitrosocaldus islandicus	GCA_002906215.1GCF_002906215.1identical	Archaea	Thaumarchaeota	Nitrososphaeria	Candidatus Nitrosocaldales	Candidatus Nitrosocaldaceae	Candidatus Nitrosocaldus	Candidatus Nitrosocaldus islandicus
GCF_002952775.1	2055893	GCF_002952775.1	ASM295277v1	archaeon AArc-Sl (archaea)	2055893	archaeon AArc-Sl	GCA_002952775.1GCF_002952775.1identical	Archaea	NA	NA	NA	NA	NA	archaeon AArc-Sl
GCF_003430805.1	2086290	GCF_003430805.1	ASM343080v1	Natronolimnobius sp. AArc-Mg (euryarchaeotes)	2086290	Natronolimnobius sp. AArc-Mg	GCA_003430805.1GCF_003430805.1identical	Archaea	Euryarchaeota	Halobacteria	Natrialbales	Natrialbaceae	Natronolimnobius	Natronolimnobius sp. AArc-Mg
GCF_000970205.1	213585	GCF_000970205.1	ASM97020v1	Methanosarcina mazei S-6 (euryarchaeotes)	2209	Methanosarcina mazei	GCA_000970205.1GCF_000970205.1identical	Archaea	Euryarchaeota	Methanomicrobia	Methanosarcinales	Methanosarcinaceae	Methanosarcina	Methanosarcina mazei
GCF_000762265.1	2162	GCF_000762265.1	ASM76226v1	Methanobacterium formicicum (euryarchaeotes)	2162	Methanobacterium formicicum	GCA_000762265.1GCF_000762265.1identical	Archaea	Euryarchaeota	Methanobacteria	Methanobacteriales	Methanobacteriaceae	Methanobacterium	Methanobacterium formicicum
GCF_001458655.1	2162	GCF_001458655.1	Mb9	Methanobacterium formicicum (euryarchaeotes)	2162	Methanobacterium formicicum	GCA_001458655.1GCF_001458655.1identical	Archaea	Euryarchaeota	Methanobacteria	Methanobacteriales	Methanobacteriaceae	Methanobacterium	Methanobacterium formicicum
GCF_000953115.1	2162	GCF_000953115.1	DSM1535	Methanobacterium formicicum (euryarchaeotes)	2162	Methanobacterium formicicum	GCA_000953115.1GCF_000953115.1identical	Archaea	Euryarchaeota	Methanobacteria	Methanobacteriales	Methanobacteriaceae	Methanobacterium	Methanobacterium formicicum
GCF_002813085.1	2173	GCF_002813085.1	ASM281308v1	Methanobrevibacter smithii (euryarchaeotes)	2173	Methanobrevibacter smithii	GCA_002813085.1GCF_002813085.1identical	Archaea	Euryarchaeota	Methanobacteria	Methanobacteriales	Methanobacteriaceae	Methanobrevibacter	Methanobrevibacter smithii
GCF_001889405.1	2177	GCF_001889405.1	ASM188940v1	Methanohalophilus halophilus (euryarchaeotes)	2177	Methanohalophilus halophilus	GCA_001889405.1GCF_001889405.1identical	Archaea	Euryarchaeota	Methanomicrobia	Methanosarcinales	Methanosarcinaceae	Methanohalophilus	Methanohalophilus halophilus
GCF_004799605.1	2242	GCF_004799605.1	ASM479960v1	Halobacterium salinarum (euryarchaeotes)	2242	Halobacterium salinarum	GCA_004799605.1GCF_004799605.1identical	Archaea	Euryarchaeota	Halobacteria	Halobacteriales	Halobacteriaceae	Halobacterium	Halobacterium salinarum
GCF_000008665.1	224325	GCF_000008665.1	ASM866v1	Archaeoglobus fulgidus DSM 4304 (euryarchaeotes)	2234	Archaeoglobus fulgidus	GCA_000008665.1GCF_000008665.1identical	Archaea	Euryarchaeota	Archaeoglobi	Archaeoglobales	Archaeoglobaceae	Archaeoglobus	Archaeoglobus fulgidus
GCF_000404165.1	224719	GCF_000404165.1	ASM40416v1	Methanobrevibacter sp. AbM4 (euryarchaeotes)	224719	Methanobrevibacter sp. AbM4	GCA_000404165.1GCF_000404165.1identical	Archaea	Euryarchaeota	Methanobacteria	Methanobacteriales	Methanobacteriaceae	Methanobrevibacter	Methanobrevibacter sp. AbM4
GCF_002215405.1	2285	GCF_002215405.1	ASM221540v1	Sulfolobus acidocaldarius (crenarchaeotes)	2285	Sulfolobus acidocaldarius	GCA_002215405.1GCF_002215405.1identical	Archaea	Crenarchaeota	Thermoprotei	Sulfolobales	Sulfolobaceae	Sulfolobus	Sulfolobus acidocaldarius
GCF_002215445.1	2285	GCF_002215445.1	ASM221544v1	Sulfolobus acidocaldarius (crenarchaeotes)	2285	Sulfolobus acidocaldarius	GCA_002215445.1GCF_002215445.1identical	Archaea	Crenarchaeota	Thermoprotei	Sulfolobales	Sulfolobaceae	Sulfolobus	Sulfolobus acidocaldarius
GCF_002215525.1	2285	GCF_002215525.1	ASM221552v1	Sulfolobus acidocaldarius (crenarchaeotes)	2285	Sulfolobus acidocaldarius	GCA_002215525.1GCF_002215525.1identical	Archaea	Crenarchaeota	Thermoprotei	Sulfolobales	Sulfolobaceae	Sulfolobus	Sulfolobus acidocaldarius
GCF_002215565.1	2285	GCF_002215565.1	ASM221556v1	Sulfolobus acidocaldarius (crenarchaeotes)	2285	Sulfolobus acidocaldarius	GCA_002215565.1GCF_002215565.1identical	Archaea	Crenarchaeota	Thermoprotei	Sulfolobales	Sulfolobaceae	Sulfolobus	Sulfolobus acidocaldarius
GCF_002215485.1	2285	GCF_002215485.1	ASM221548v1	Sulfolobus acidocaldarius (crenarchaeotes)	2285	Sulfolobus acidocaldarius	GCA_002215485.1GCF_002215485.1identical	Archaea	Crenarchaeota	Thermoprotei	Sulfolobales	Sulfolobaceae	Sulfolobus	Sulfolobus acidocaldarius
GCF_000968395.1	2287	GCF_000968395.1	ASM96839v1	Saccharolobus solfataricus (crenarchaeotes)	2287	Saccharolobus solfataricus	GCA_000968395.1GCF_000968395.1identical	Archaea	Crenarchaeota	Thermoprotei	Sulfolobales	Sulfolobaceae	Saccharolobus	Saccharolobus solfataricus
GCF_000968355.1	2287	GCF_000968355.1	ASM96835v1	Saccharolobus solfataricus (crenarchaeotes)	2287	Saccharolobus solfataricus	GCA_000968355.1GCF_000968355.1identical	Archaea	Crenarchaeota	Thermoprotei	Sulfolobales	Sulfolobaceae	Saccharolobus	Saccharolobus solfataricus
GCF_003852095.1	2287	GCF_003852095.1	ASM385209v1	Saccharolobus solfataricus (crenarchaeotes)	2287	Saccharolobus solfataricus	GCA_003852095.1GCF_003852095.1identical	Archaea	Crenarchaeota	Thermoprotei	Sulfolobales	Sulfolobaceae	Saccharolobus	Saccharolobus solfataricus
GCF_000968435.1	2287	GCF_000968435.1	ASM96843v1	Saccharolobus solfataricus (crenarchaeotes)	2287	Saccharolobus solfataricus	GCA_000968435.1GCF_000968435.1identical	Archaea	Crenarchaeota	Thermoprotei	Sulfolobales	Sulfolobaceae	Saccharolobus	Saccharolobus solfataricus
GCF_003852155.1	2287	GCF_003852155.1	ASM385215v1	Saccharolobus solfataricus (crenarchaeotes)	2287	Saccharolobus solfataricus	GCA_003852155.1GCF_003852155.1identical	Archaea	Crenarchaeota	Thermoprotei	Sulfolobales	Sulfolobaceae	Saccharolobus	Saccharolobus solfataricus
GCF_003852175.1	2287	GCF_003852175.1	ASM385217v1	Saccharolobus solfataricus (crenarchaeotes)	2287	Saccharolobus solfataricus	GCA_003852175.1GCF_003852175.1identical	Archaea	Crenarchaeota	Thermoprotei	Sulfolobales	Sulfolobaceae	Saccharolobus	Saccharolobus solfataricus
GCF_003852195.1	2287	GCF_003852195.1	ASM385219v1	Saccharolobus solfataricus (crenarchaeotes)	2287	Saccharolobus solfataricus	GCA_003852195.1GCF_003852195.1identical	Archaea	Crenarchaeota	Thermoprotei	Sulfolobales	Sulfolobaceae	Saccharolobus	Saccharolobus solfataricus
GCF_900079115.1	2287	GCF_900079115.1	SSOP1	Saccharolobus solfataricus (crenarchaeotes)	2287	Saccharolobus solfataricus	GCA_900079115.1GCF_900079115.1identical	Archaea	Crenarchaeota	Thermoprotei	Sulfolobales	Sulfolobaceae	Saccharolobus	Saccharolobus solfataricus
GCF_003852135.1	2287	GCF_003852135.1	ASM385213v1	Saccharolobus solfataricus (crenarchaeotes)	2287	Saccharolobus solfataricus	GCA_003852135.1GCF_003852135.1identical	Archaea	Crenarchaeota	Thermoprotei	Sulfolobales	Sulfolobaceae	Saccharolobus	Saccharolobus solfataricus
GCF_003852215.1	2287	GCF_003852215.1	ASM385221v1	Saccharolobus solfataricus (crenarchaeotes)	2287	Saccharolobus solfataricus	GCA_003852215.1GCF_003852215.1identical	Archaea	Crenarchaeota	Thermoprotei	Sulfolobales	Sulfolobaceae	Saccharolobus	Saccharolobus solfataricus
GCF_001477655.1	230361	GCF_001477655.1	ASM147765v1	Methanobrevibacter millerae (euryarchaeotes)	230361	Methanobrevibacter millerae	GCA_001477655.1GCF_001477655.1identical	Archaea	Euryarchaeota	Methanobacteria	Methanobacteriales	Methanobacteriaceae	Methanobrevibacter	Methanobrevibacter millerae
GCF_000091665.1	243232	GCF_000091665.1	ASM9166v1	Methanocaldococcus jannaschii DSM 2661 (euryarchaeotes)	2190	Methanocaldococcus jannaschii	GCA_000091665.1GCF_000091665.1identical	Archaea	Euryarchaeota	Methanococci	Methanococcales	Methanocaldococcaceae	Methanocaldococcus	Methanocaldococcus jannaschii
GCF_000151205.2	246969	GCF_000151205.2	ASM15120v2	Thermococcus sp. AM4 (euryarchaeotes)	246969	Thermococcus sp. AM4	GCA_000151205.2GCF_000151205.2identical	Archaea	Euryarchaeota	Thermococci	Thermococcales	Thermococcaceae	Thermococcus	Thermococcus sp. AM4
GCF_004114375.1	2497325	GCF_004114375.1	ASM411437v1	Halorubrum sp. BOL3-1 (euryarchaeotes)	2497325	Halorubrum sp. BOL3-1	GCA_004114375.1GCF_004114375.1identical	Archaea	Euryarchaeota	Halobacteria	Haloferacales	Halorubraceae	Halorubrum	Halorubrum sp. BOL3-1
GCF_004087835.1	2505977	GCF_004087835.1	ASM408783v1	Halorussus sp. RC-68 (euryarchaeotes)	2505977	Halorussus sp. RC-68	GCA_004087835.1GCF_004087835.1identical	Archaea	Euryarchaeota	Halobacteria	Halobacteriales	Halobacteriaceae	Halorussus	Halorussus sp. RC-68
GCF_006740685.1	2508726	GCF_006740685.1	ASM674068v1	Candidatus Nitrosopumilus sp. SW (archaea)	2508726	Candidatus Nitrosopumilus sp. SW	GCA_006740685.1GCF_006740685.1identical	Archaea	Thaumarchaeota	NA	Nitrosopumilales	Nitrosopumilaceae	Nitrosopumilus	Candidatus Nitrosopumilus sp. SW
GCF_005155585.1	2572921	GCF_005155585.1	ASM515558v1	Haloprofundus sp. MHR1 (euryarchaeotes)	2572921	Haloprofundus sp. MHR1	GCA_005155585.1GCF_005155585.1identical	Archaea	Euryarchaeota	Halobacteria	Haloferacales	Haloferacaceae	Haloprofundus	Haloprofundus sp. MHR1
GCF_005954745.1	2583824	GCF_005954745.1	ASM595474v1	Halostella sp. DL-M4 (euryarchaeotes)	2583824	Halostella sp. DL-M4	GCA_005954745.1GCF_005954745.1identical	Archaea	Euryarchaeota	Halobacteria	Halobacteriales	Halobacteriaceae	Halostella	Halostella sp. DL-M4
GCF_006274605.1	2586643	GCF_006274605.1	ASM627460v1	Thermococcus sp. IOH1 (euryarchaeotes)	2586643	Thermococcus sp. IOH1	GCA_006274605.1GCF_006274605.1identical	Archaea	Euryarchaeota	Thermococci	Thermococcales	Thermococcaceae	Thermococcus	Thermococcus sp. IOH1
GCF_000013725.1	259564	GCF_000013725.1	ASM1372v1	Methanococcoides burtonii DSM 6242 (euryarchaeotes)	29291	Methanococcoides burtonii	GCA_000013725.1GCF_000013725.1identical	Archaea	Euryarchaeota	Methanomicrobia	Methanosarcinales	Methanosarcinaceae	Methanococcoides	Methanococcoides burtonii
GCF_000008265.1	263820	GCF_000008265.1	ASM826v1	Picrophilus torridus DSM 9790 (euryarchaeotes)	82076	Picrophilus torridus	GCA_000008265.1GCF_000008265.1identical	Archaea	Euryarchaeota	Thermoplasmata	Thermoplasmatales	Picrophilaceae	Picrophilus	Picrophilus torridus
GCF_000011585.1	267377	GCF_000011585.1	ASM1158v1	Methanococcus maripaludis S2 (euryarchaeotes)	39152	Methanococcus maripaludis	GCA_000011585.1GCF_000011585.1identical	Archaea	Euryarchaeota	Methanococci	Methanococcales	Methanococcaceae	Methanococcus	Methanococcus maripaludis
GCF_000591055.1	268739	GCF_000591055.1	ASM59105v1	Natronomonas moolapensis 8.8.11 (euryarchaeotes)	416273	Natronomonas moolapensis	GCA_000591055.1GCF_000591055.1identical	Archaea	Euryarchaeota	Halobacteria	Halobacteriales	Haloarculaceae	Natronomonas	Natronomonas moolapensis
GCF_000195895.1	269797	GCF_000195895.1	ASM19589v1	Methanosarcina barkeri str. Fusaro (euryarchaeotes)	2208	Methanosarcina barkeri	GCA_000195895.1GCF_000195895.1identical	Archaea	Euryarchaeota	Methanomicrobia	Methanosarcinales	Methanosarcinaceae	Methanosarcina	Methanosarcina barkeri
GCF_000011085.1	272569	GCF_000011085.1	ASM1108v1	Haloarcula marismortui ATCC 43049 (euryarchaeotes)	2238	Haloarcula marismortui	GCA_000011085.1GCF_000011085.1identical	Archaea	Euryarchaeota	Halobacteria	Halobacteriales	Haloarculaceae	Haloarcula	Haloarcula marismortui
GCF_005310945.1	272569	GCF_005310945.1	ASM531094v1	Haloarcula marismortui ATCC 43049 (euryarchaeotes)	2238	Haloarcula marismortui	GCA_005310945.1GCF_005310945.1identical	Archaea	Euryarchaeota	Halobacteria	Halobacteriales	Haloarculaceae	Haloarcula	Haloarcula marismortui
GCF_000195935.2	272844	GCF_000195935.2	ASM19593v2	Pyrococcus abyssi GE5 (euryarchaeotes)	29292	Pyrococcus abyssi	GCA_000195935.2GCF_000195935.2identical	Archaea	Euryarchaeota	Thermococci	Thermococcales	Thermococcaceae	Pyrococcus	Pyrococcus abyssi
GCF_000007005.1	273057	GCF_000007005.1	ASM700v1	Saccharolobus solfataricus P2 (crenarchaeotes)	2287	Saccharolobus solfataricus	GCA_000007005.1GCF_000007005.1identical	Archaea	Crenarchaeota	Thermoprotei	Sulfolobales	Sulfolobaceae	Saccharolobus	Saccharolobus solfataricus
GCF_000011205.1	273063	GCF_000011205.1	ASM1120v1	Sulfurisphaera tokodaii str. 7 (crenarchaeotes)	111955	Sulfurisphaera tokodaii	GCA_000011205.1GCF_000011205.1identical	Archaea	Crenarchaeota	Thermoprotei	Sulfolobales	Sulfolobaceae	Sulfurisphaera	Sulfurisphaera tokodaii
GCF_000195915.1	273075	GCF_000195915.1	ASM19591v1	Thermoplasma acidophilum DSM 1728 (euryarchaeotes)	2303	Thermoplasma acidophilum	GCA_000195915.1GCF_000195915.1identical	Archaea	Euryarchaeota	Thermoplasmata	Thermoplasmatales	Thermoplasmataceae	Thermoplasma	Thermoplasma acidophilum
GCF_000011185.1	273116	GCF_000011185.1	ASM1118v1	Thermoplasma volcanium GSS1 (euryarchaeotes)	50339	Thermoplasma volcanium	GCA_000011185.1GCF_000011185.1identical	Archaea	Euryarchaeota	Thermoplasmata	Thermoplasmatales	Thermoplasmataceae	Thermoplasma	Thermoplasma volcanium
GCF_002214545.1	277988	GCF_002214545.1	ASM221454v1	Thermococcus thioreducens (euryarchaeotes)	277988	Thermococcus thioreducens	GCA_002214545.1GCF_002214545.1identical	Archaea	Euryarchaeota	Thermococci	Thermococcales	Thermococcaceae	Thermococcus	Thermococcus thioreducens
GCF_002355655.1	29284	GCF_002355655.1	ASM235565v1	Halorubrum trapanicum (euryarchaeotes)	29284	Halorubrum trapanicum	GCA_002355655.1GCF_002355655.1identical	Archaea	Euryarchaeota	Halobacteria	Haloferacales	Halorubraceae	Halorubrum	Halorubrum trapanicum
GCF_001563245.1	294671	GCF_001563245.1	ASM156324v1	Methanobrevibacter olleyae (euryarchaeotes)	294671	Methanobrevibacter olleyae	GCA_001563245.1GCF_001563245.1identical	Archaea	Euryarchaeota	Methanobacteria	Methanobacteriales	Methanobacteriaceae	Methanobrevibacter	Methanobrevibacter olleyae
GCF_000011005.1	304371	GCF_000011005.1	ASM1100v1	Methanocella paludicola SANAE (euryarchaeotes)	570267	Methanocella paludicola	GCA_000011005.1GCF_000011005.1identical	Archaea	Euryarchaeota	Methanomicrobia	Methanocellales	Methanocellaceae	Methanocella	Methanocella paludicola
GCF_000025685.1	309800	GCF_000025685.1	ASM2568v1	Haloferax volcanii DS2 (euryarchaeotes)	2246	Haloferax volcanii	GCA_000025685.1GCF_000025685.1identical	Archaea	Euryarchaeota	Halobacteria	Haloferacales	Haloferacaceae	Haloferax	Haloferax volcanii
GCF_000013445.1	323259	GCF_000013445.1	ASM1344v1	Methanospirillum hungatei JF-1 (euryarchaeotes)	2203	Methanospirillum hungatei	GCA_000013445.1GCF_000013445.1identical	Archaea	Euryarchaeota	Methanomicrobia	Methanomicrobiales	Methanospirillaceae	Methanospirillum	Methanospirillum hungatei
GCF_000012285.1	330779	GCF_000012285.1	ASM1228v1	Sulfolobus acidocaldarius DSM 639 (crenarchaeotes)	2285	Sulfolobus acidocaldarius	GCA_000012285.1GCF_000012285.1identical	Archaea	Crenarchaeota	Thermoprotei	Sulfolobales	Sulfolobaceae	Sulfolobus	Sulfolobus acidocaldarius
GCF_000152265.2	333146	GCF_000152265.2	ASM15226v2	Ferroplasma acidarmanus fer1 (euryarchaeotes)	97393	Ferroplasma acidarmanus	GCA_000152265.2GCF_000152265.2identical	Archaea	Euryarchaeota	Thermoplasmata	Thermoplasmatales	Ferroplasmaceae	Ferroplasma	Ferroplasma acidarmanus
GCF_004126515.1	337243	GCF_004126515.1	ASM412651v1	Halorubrum ezzemoulense (euryarchaeotes)	337243	Halorubrum ezzemoulense	GCA_004126515.1GCF_004126515.1identical	Archaea	Euryarchaeota	Halobacteria	Haloferacales	Halorubraceae	Halorubrum	Halorubrum ezzemoulense
GCF_000012545.1	339860	GCF_000012545.1	ASM1254v1	Methanosphaera stadtmanae DSM 3091 (euryarchaeotes)	2317	Methanosphaera stadtmanae	GCA_000012545.1GCF_000012545.1identical	Archaea	Euryarchaeota	Methanobacteria	Methanobacteriales	Methanobacteriaceae	Methanosphaera	Methanosphaera stadtmanae
GCF_000016385.1	340102	GCF_000016385.1	ASM1638v1	Pyrobaculum arsenaticum DSM 13514 (crenarchaeotes)	121277	Pyrobaculum arsenaticum	GCA_000016385.1GCF_000016385.1identical	Archaea	Crenarchaeota	Thermoprotei	Thermoproteales	Thermoproteaceae	Pyrobaculum	Pyrobaculum arsenaticum
GCF_000211475.1	342949	GCF_000211475.1	ASM21147v1	Pyrococcus sp. NA2 (euryarchaeotes)	342949	Pyrococcus sp. NA2	GCA_000211475.1GCF_000211475.1identical	Archaea	Euryarchaeota	Thermococci	Thermococcales	Thermococcaceae	Pyrococcus	Pyrococcus sp. NA2
GCF_000026045.1	348780	GCF_000026045.1	ASM2604v1	Natronomonas pharaonis DSM 2160 (euryarchaeotes)	2257	Natronomonas pharaonis	GCA_000026045.1GCF_000026045.1identical	Archaea	Euryarchaeota	Halobacteria	Halobacteriales	Haloarculaceae	Natronomonas	Natronomonas pharaonis
GCF_000063445.1	351160	GCF_000063445.1	ASM6344v1	Methanocella arvoryzae MRE50 (euryarchaeotes)	1175445	Methanocella arvoryzae	GCA_000063445.1GCF_000063445.1identical	Archaea	Euryarchaeota	Methanomicrobia	Methanocellales	Methanocellaceae	Methanocella	Methanocella arvoryzae
GCF_001190965.1	35746	GCF_001190965.1	ASM119096v1	Haloferax gibbonsii (euryarchaeotes)	35746	Haloferax gibbonsii	GCA_001190965.1GCF_001190965.1identical	Archaea	Euryarchaeota	Halobacteria	Haloferacales	Haloferacaceae	Haloferax	Haloferax gibbonsii
GCF_000226975.2	358396	GCF_000226975.2	ASM22697v3	Halobiforma lacisalsi AJ5 (euryarchaeotes)	229731	Halobiforma lacisalsi	GCA_000226975.3GCF_000226975.2identical	Archaea	Euryarchaeota	Halobacteria	Natrialbales	Natrialbaceae	Halobiforma	Halobiforma lacisalsi
GCF_000009185.1	362976	GCF_000009185.1	ASM918v1	Haloquadratum walsbyi DSM 16790 (euryarchaeotes)	293091	Haloquadratum walsbyi	GCA_000009185.1GCF_000009185.1identical	Archaea	Euryarchaeota	Halobacteria	Haloferacales	Haloferacaceae	Haloquadratum	Haloquadratum walsbyi
GCF_000015825.1	368407	GCF_000015825.1	ASM1582v1	Methanoculleus marisnigri JR1 (euryarchaeotes)	2198	Methanoculleus marisnigri	GCA_000015825.1GCF_000015825.1identical	Archaea	Euryarchaeota	Methanomicrobia	Methanomicrobiales	Methanomicrobiaceae	Methanoculleus	Methanoculleus marisnigri
GCF_000015225.1	368408	GCF_000015225.1	ASM1522v1	Thermofilum pendens Hrk 5 (crenarchaeotes)	2269	Thermofilum pendens	GCA_000015225.1GCF_000015225.1identical	Archaea	Crenarchaeota	Thermoprotei	Thermoproteales	Thermofilaceae	Thermofilum	Thermofilum pendens
GCF_000019605.1	374847	GCF_000019605.1	ASM1960v1	Candidatus Korarchaeum cryptofilum OPF8 (archaea)	498846	Candidatus Korarchaeum cryptofilum	GCA_000019605.1GCF_000019605.1identical	Archaea	Candidatus Korarchaeota	NA	NA	NA	Candidatus Korarchaeum	Candidatus Korarchaeum cryptofilum
GCF_000015205.1	384616	GCF_000015205.1	ASM1520v1	Pyrobaculum islandicum DSM 4184 (crenarchaeotes)	2277	Pyrobaculum islandicum	GCA_000015205.1GCF_000015205.1identical	Archaea	Crenarchaeota	Thermoprotei	Thermoproteales	Thermoproteaceae	Pyrobaculum	Pyrobaculum islandicum
GCF_000385565.1	387631	GCF_000385565.1	ASM38556v1	Archaeoglobus sulfaticallidus PM70-1 (euryarchaeotes)	1316941	Archaeoglobus sulfaticallidus	GCA_000385565.1GCF_000385565.1identical	Archaea	Euryarchaeota	Archaeoglobi	Archaeoglobales	Archaeoglobaceae	Archaeoglobus	Archaeoglobus sulfaticallidus
GCF_002945325.1	39152	GCF_002945325.1	ASM294532v1	Methanococcus maripaludis (euryarchaeotes)	39152	Methanococcus maripaludis	GCA_002945325.1GCF_002945325.1identical	Archaea	Euryarchaeota	Methanococci	Methanococcales	Methanococcaceae	Methanococcus	Methanococcus maripaludis
GCF_003052125.1	39152	GCF_003052125.1	ASM305212v1	Methanococcus maripaludis (euryarchaeotes)	39152	Methanococcus maripaludis	GCA_003052125.1GCF_003052125.1identical	Archaea	Euryarchaeota	Methanococci	Methanococcales	Methanococcaceae	Methanococcus	Methanococcus maripaludis
GCF_000151105.2	391623	GCF_000151105.2	ASM15110v2	Thermococcus barophilus MP (euryarchaeotes)	55802	Thermococcus barophilus	GCA_000151105.2GCF_000151105.2identical	Archaea	Euryarchaeota	Thermococci	Thermococcales	Thermococcaceae	Thermococcus	Thermococcus barophilus
GCF_000018305.1	397948	GCF_000018305.1	ASM1830v1	Caldivirga maquilingensis IC-167 (crenarchaeotes)	76887	Caldivirga maquilingensis	GCA_000018305.1GCF_000018305.1identical	Archaea	Crenarchaeota	Thermoprotei	Thermoproteales	Thermoproteaceae	Caldivirga	Caldivirga maquilingensis
GCF_000016605.1	399549	GCF_000016605.1	ASM1660v1	Metallosphaera sedula DSM 5348 (crenarchaeotes)	43687	Metallosphaera sedula	GCA_000016605.1GCF_000016605.1identical	Archaea	Crenarchaeota	Thermoprotei	Sulfolobales	Sulfolobaceae	Metallosphaera	Metallosphaera sedula
GCF_000015945.1	399550	GCF_000015945.1	ASM1594v1	Staphylothermus marinus F1 (crenarchaeotes)	2280	Staphylothermus marinus	GCA_000015945.1GCF_000015945.1identical	Archaea	Crenarchaeota	Thermoprotei	Desulfurococcales	Desulfurococcaceae	Staphylothermus	Staphylothermus marinus
GCF_000016125.1	402880	GCF_000016125.1	ASM1612v1	Methanococcus maripaludis C5 (euryarchaeotes)	39152	Methanococcus maripaludis	GCA_000016125.1GCF_000016125.1identical	Archaea	Euryarchaeota	Methanococci	Methanococcales	Methanococcaceae	Methanococcus	Methanococcus maripaludis
GCF_000017165.1	406327	GCF_000017165.1	ASM1716v1	Methanococcus vannielii SB (euryarchaeotes)	2187	Methanococcus vannielii	GCA_000017165.1GCF_000017165.1identical	Archaea	Euryarchaeota	Methanococci	Methanococcales	Methanococcaceae	Methanococcus	Methanococcus vannielii
GCF_000281695.1	406552	GCF_000281695.1	ASM28169v1	Natrinema sp. J7-2 (euryarchaeotes)	406552	Natrinema sp. J7-2	GCA_000281695.1GCF_000281695.1identical	Archaea	Euryarchaeota	Halobacteria	Natrialbales	Natrialbaceae	Natrinema	Natrinema sp. J7-2
GCF_000015765.1	410358	GCF_000015765.1	ASM1576v1	Methanocorpusculum labreanum Z (euryarchaeotes)	83984	Methanocorpusculum labreanum	GCA_000015765.1GCF_000015765.1identical	Archaea	Euryarchaeota	Methanomicrobia	Methanomicrobiales	Methanocorpusculaceae	Methanocorpusculum	Methanocorpusculum labreanum
GCF_004799625.1	413811	GCF_004799625.1	ASM479962v1	Haloterrigena jeotgali (euryarchaeotes)	413811	Haloterrigena jeotgali	GCA_004799625.1GCF_004799625.1identical	Archaea	Euryarchaeota	Halobacteria	Natrialbales	Natrialbaceae	Haloterrigena	Haloterrigena jeotgali
GCF_000015145.1	415426	GCF_000015145.1	ASM1514v1	Hyperthermus butylicus DSM 5456 (crenarchaeotes)	54248	Hyperthermus butylicus	GCA_000015145.1GCF_000015145.1identical	Archaea	Crenarchaeota	Thermoprotei	Desulfurococcales	Pyrodictiaceae	Hyperthermus	Hyperthermus butylicus
GCF_000022205.1	416348	GCF_000022205.1	ASM2220v1	Halorubrum lacusprofundi ATCC 49239 (euryarchaeotes)	2247	Halorubrum lacusprofundi	GCA_000022205.1GCF_000022205.1identical	Archaea	Euryarchaeota	Halobacteria	Haloferacales	Halorubraceae	Halorubrum	Halorubrum lacusprofundi
GCF_003201835.1	41673	GCF_003201835.1	ASM320183v1	Acidianus brierleyi (crenarchaeotes)	41673	Acidianus brierleyi	GCA_003201835.1GCF_003201835.1identical	Archaea	Crenarchaeota	Thermoprotei	Sulfolobales	Sulfolobaceae	Acidianus	Acidianus brierleyi
GCF_000017185.1	419665	GCF_000017185.1	ASM1718v1	Methanococcus aeolicus Nankai-3 (euryarchaeotes)	42879	Methanococcus aeolicus	GCA_000017185.1GCF_000017185.1identical	Archaea	Euryarchaeota	Methanococci	Methanococcales	Methanococcaceae	Methanococcus	Methanococcus aeolicus
GCF_000022485.1	419942	GCF_000022485.1	ASM2248v1	Sulfolobus islandicus Y.N.15.51 (crenarchaeotes)	43080	Sulfolobus islandicus	GCA_000022485.1GCF_000022485.1identical	Archaea	Crenarchaeota	Thermoprotei	Sulfolobales	Sulfolobaceae	Sulfolobus	Sulfolobus islandicus
GCF_000016525.1	420247	GCF_000016525.1	ASM1652v1	Methanobrevibacter smithii ATCC 35061 (euryarchaeotes)	2173	Methanobrevibacter smithii	GCA_000016525.1GCF_000016525.1identical	Archaea	Euryarchaeota	Methanobacteria	Methanobacteriales	Methanobacteriaceae	Methanobrevibacter	Methanobrevibacter smithii
GCF_000017225.1	426368	GCF_000017225.1	ASM1722v1	Methanococcus maripaludis C7 (euryarchaeotes)	39152	Methanococcus maripaludis	GCA_000017225.1GCF_000017225.1identical	Archaea	Euryarchaeota	Methanococci	Methanococcales	Methanococcaceae	Methanococcus	Methanococcus maripaludis
GCF_000022405.1	427317	GCF_000022405.1	ASM2240v1	Sulfolobus islandicus M.14.25 (crenarchaeotes)	43080	Sulfolobus islandicus	GCA_000022405.1GCF_000022405.1identical	Archaea	Crenarchaeota	Thermoprotei	Sulfolobales	Sulfolobaceae	Sulfolobus	Sulfolobus islandicus
GCF_000022425.1	427318	GCF_000022425.1	ASM2242v1	Sulfolobus islandicus M.16.27 (crenarchaeotes)	43080	Sulfolobus islandicus	GCA_000022425.1GCF_000022425.1identical	Archaea	Crenarchaeota	Thermoprotei	Sulfolobales	Sulfolobaceae	Sulfolobus	Sulfolobus islandicus
GCF_000022385.1	429572	GCF_000022385.1	ASM2238v1	Sulfolobus islandicus L.S.2.15 (crenarchaeotes)	43080	Sulfolobus islandicus	GCA_000022385.1GCF_000022385.1identical	Archaea	Crenarchaeota	Thermoprotei	Sulfolobales	Sulfolobaceae	Sulfolobus	Sulfolobus islandicus
GCF_001266655.1	43687	GCF_001266655.1	ASM126665v1	Metallosphaera sedula (crenarchaeotes)	43687	Metallosphaera sedula	GCA_001266655.1GCF_001266655.1identical	Archaea	Crenarchaeota	Thermoprotei	Sulfolobales	Sulfolobaceae	Metallosphaera	Metallosphaera sedula
GCF_001266715.1	43687	GCF_001266715.1	ASM126671v1	Metallosphaera sedula (crenarchaeotes)	43687	Metallosphaera sedula	GCA_001266715.1GCF_001266715.1identical	Archaea	Crenarchaeota	Thermoprotei	Sulfolobales	Sulfolobaceae	Metallosphaera	Metallosphaera sedula
GCF_001266675.1	43687	GCF_001266675.1	ASM126667v1	Metallosphaera sedula (crenarchaeotes)	43687	Metallosphaera sedula	GCA_001266675.1GCF_001266675.1identical	Archaea	Crenarchaeota	Thermoprotei	Sulfolobales	Sulfolobaceae	Metallosphaera	Metallosphaera sedula
GCF_001266735.1	43687	GCF_001266735.1	ASM126673v1	Metallosphaera sedula (crenarchaeotes)	43687	Metallosphaera sedula	GCA_001266735.1GCF_001266735.1identical	Archaea	Crenarchaeota	Thermoprotei	Sulfolobales	Sulfolobaceae	Metallosphaera	Metallosphaera sedula
GCF_001266695.1	43687	GCF_001266695.1	ASM126669v1	Metallosphaera sedula (crenarchaeotes)	43687	Metallosphaera sedula	GCA_001266695.1GCF_001266695.1identical	Archaea	Crenarchaeota	Thermoprotei	Sulfolobales	Sulfolobaceae	Metallosphaera	Metallosphaera sedula
GCF_000022465.1	439386	GCF_000022465.1	ASM2246v1	Sulfolobus islandicus Y.G.57.14 (crenarchaeotes)	43080	Sulfolobus islandicus	GCA_000022465.1GCF_000022465.1identical	Archaea	Crenarchaeota	Thermoprotei	Sulfolobales	Sulfolobaceae	Sulfolobus	Sulfolobus islandicus
GCF_000025665.1	439481	GCF_000025665.1	ASM2566v1	Aciduliprofundum boonei T469 (euryarchaeotes)	379547	Aciduliprofundum boonei	GCA_000025665.1GCF_000025665.1identical	Archaea	Euryarchaeota	NA	NA	NA	Aciduliprofundum	Aciduliprofundum boonei
GCF_000018485.1	444158	GCF_000018485.1	ASM1848v1	Methanococcus maripaludis C6 (euryarchaeotes)	39152	Methanococcus maripaludis	GCA_000018485.1GCF_000018485.1identical	Archaea	Euryarchaeota	Methanococci	Methanococcales	Methanococcaceae	Methanococcus	Methanococcus maripaludis
GCF_000017945.1	453591	GCF_000017945.1	ASM1794v1	Ignicoccus hospitalis KIN4/I (crenarchaeotes)	160233	Ignicoccus hospitalis	GCA_000017945.1GCF_000017945.1identical	Archaea	Crenarchaeota	Thermoprotei	Desulfurococcales	Desulfurococcaceae	Ignicoccus	Ignicoccus hospitalis
GCF_000006175.1	456320	GCF_000006175.1	ASM617v2	Methanococcus voltae A3 (euryarchaeotes)	2188	Methanococcus voltae	GCA_000006175.2GCF_000006175.1identical	Archaea	Euryarchaeota	Methanococci	Methanococcales	Methanococcaceae	Methanococcus	Methanococcus voltae
GCF_000017625.1	456442	GCF_000017625.1	ASM1762v1	Methanoregula boonei 6A8 (euryarchaeotes)	358766	Methanoregula boonei	GCA_000017625.1GCF_000017625.1identical	Archaea	Euryarchaeota	Methanomicrobia	Methanomicrobiales	Methanoregulaceae	Methanoregula	Methanoregula boonei
GCF_000172995.2	469382	GCF_000172995.2	ASM17299v2	Halogeometricum borinquense DSM 11551 (euryarchaeotes)	60847	Halogeometricum borinquense	GCA_000172995.2GCF_000172995.2identical	Archaea	Euryarchaeota	Halobacteria	Haloferacales	Haloferacaceae	Halogeometricum	Halogeometricum borinquense
GCF_000069025.1	478009	GCF_000069025.1	ASM6902v1	Halobacterium salinarum R1 (euryarchaeotes)	2242	Halobacterium salinarum	GCA_000069025.1GCF_000069025.1identical	Archaea	Euryarchaeota	Halobacteria	Halobacteriales	Halobacteriaceae	Halobacterium	Halobacterium salinarum
GCF_000023965.1	485914	GCF_000023965.1	ASM2396v1	Halomicrobium mukohataei DSM 12286 (euryarchaeotes)	57705	Halomicrobium mukohataei	GCA_000023965.1GCF_000023965.1identical	Archaea	Euryarchaeota	Halobacteria	Halobacteriales	Haloarculaceae	Halomicrobium	Halomicrobium mukohataei
GCF_000020905.1	490899	GCF_000020905.1	ASM2090v1	Desulfurococcus amylolyticus 1221n (crenarchaeotes)	94694	Desulfurococcus amylolyticus	GCA_000020905.1GCF_000020905.1identical	Archaea	Crenarchaeota	Thermoprotei	Desulfurococcales	Desulfurococcaceae	Desulfurococcus	Desulfurococcus amylolyticus
GCF_002214585.1	49899	GCF_002214585.1	ASM221458v1	Thermococcus profundus (euryarchaeotes)	49899	Thermococcus profundus	GCA_002214585.1GCF_002214585.1identical	Archaea	Euryarchaeota	Thermococci	Thermococcales	Thermococcaceae	Thermococcus	Thermococcus profundus
GCF_000023945.1	519442	GCF_000023945.1	ASM2394v1	Halorhabdus utahensis DSM 12940 (euryarchaeotes)	146826	Halorhabdus utahensis	GCA_000023945.1GCF_000023945.1identical	Archaea	Euryarchaeota	Halobacteria	Halobacteriales	Haloarculaceae	Halorhabdus	Halorhabdus utahensis
GCF_000021965.1	521011	GCF_000021965.1	ASM2196v1	Methanosphaerula palustris E1-9c (euryarchaeotes)	475088	Methanosphaerula palustris	GCA_000021965.1GCF_000021965.1identical	Archaea	Euryarchaeota	Methanomicrobia	Methanomicrobiales	Methanoregulaceae	Methanosphaerula	Methanosphaerula palustris
GCF_000306765.2	523841	GCF_000306765.2	ASM30676v2	Haloferax mediterranei ATCC 33500 (euryarchaeotes)	2252	Haloferax mediterranei	GCA_000306765.2GCF_000306765.2identical	Archaea	Euryarchaeota	Halobacteria	Haloferacales	Haloferacaceae	Haloferax	Haloferax mediterranei
GCF_005406325.1	523841	GCF_005406325.1	ASM540632v1	Haloferax mediterranei ATCC 33500 (euryarchaeotes)	2252	Haloferax mediterranei	GCA_005406325.1GCF_005406325.1identical	Archaea	Euryarchaeota	Halobacteria	Haloferacales	Haloferacaceae	Haloferax	Haloferax mediterranei
GCF_000969885.1	523844	GCF_000969885.1	ASM96988v1	Methanosarcina thermophila TM-1 (euryarchaeotes)	2210	Methanosarcina thermophila	GCA_000969885.1GCF_000969885.1identical	Archaea	Euryarchaeota	Methanomicrobia	Methanosarcinales	Methanosarcinaceae	Methanosarcina	Methanosarcina thermophila
GCF_000166095.1	523846	GCF_000166095.1	ASM16609v1	Methanothermus fervidus DSM 2088 (euryarchaeotes)	2180	Methanothermus fervidus	GCA_000166095.1GCF_000166095.1identical	Archaea	Euryarchaeota	Methanobacteria	Methanobacteriales	Methanothermaceae	Methanothermus	Methanothermus fervidus
GCF_000246985.2	523849	GCF_000246985.2	ASM24698v3	Thermococcus litoralis DSM 5473 (euryarchaeotes)	2265	Thermococcus litoralis	GCA_000246985.3GCF_000246985.2identical	Archaea	Euryarchaeota	Thermococci	Thermococcales	Thermococcaceae	Thermococcus	Thermococcus litoralis
GCF_000018365.1	523850	GCF_000018365.1	ASM1836v1	Thermococcus onnurineus NA1 (euryarchaeotes)	342948	Thermococcus onnurineus	GCA_000018365.1GCF_000018365.1identical	Archaea	Euryarchaeota	Thermococci	Thermococcales	Thermococcaceae	Thermococcus	Thermococcus onnurineus
GCF_000215995.1	529709	GCF_000215995.1	ASM21599v1	Pyrococcus yayanosii CH1 (euryarchaeotes)	1008460	Pyrococcus yayanosii	GCA_000215995.1GCF_000215995.1identical	Archaea	Euryarchaeota	Thermococci	Thermococcales	Thermococcaceae	Pyrococcus	Pyrococcus yayanosii
GCF_001592435.1	53952	GCF_001592435.1	ASM159243v1	Thermococcus peptonophilus (euryarchaeotes)	53952	Thermococcus peptonophilus	GCA_001592435.1GCF_001592435.1identical	Archaea	Euryarchaeota	Thermococci	Thermococcales	Thermococcaceae	Thermococcus	Thermococcus peptonophilus
GCF_002214465.1	54077	GCF_002214465.1	ASM221446v1	Thermococcus barossii (euryarchaeotes)	54077	Thermococcus barossii	GCA_002214465.1GCF_002214465.1identical	Archaea	Euryarchaeota	Thermococci	Thermococcales	Thermococcaceae	Thermococcus	Thermococcus barossii
GCF_002214605.1	54262	GCF_002214605.1	ASM221460v1	Thermococcus chitonophagus (euryarchaeotes)	54262	Thermococcus chitonophagus	GCA_002214605.1GCF_002214605.1identical	Archaea	Euryarchaeota	Thermococci	Thermococcales	Thermococcaceae	Thermococcus	Thermococcus chitonophagus
GCF_900012635.1	54262	GCF_900012635.1	Pyrococcus chitonophagus genome sequence	Thermococcus chitonophagus (euryarchaeotes)	54262	Thermococcus chitonophagus	GCA_900012635.1GCF_900012635.1identical	Archaea	Euryarchaeota	Thermococci	Thermococcales	Thermococcaceae	Thermococcus	Thermococcus chitonophagus
GCF_000025325.1	543526	GCF_000025325.1	ASM2532v1	Haloterrigena turkmenica DSM 5511 (euryarchaeotes)	62320	Haloterrigena turkmenica	GCA_000025325.1GCF_000025325.1identical	Archaea	Euryarchaeota	Halobacteria	Natrialbales	Natrialbaceae	Haloterrigena	Haloterrigena turkmenica
GCF_000025865.1	547558	GCF_000025865.1	ASM2586v1	Methanohalophilus mahii DSM 5219 (euryarchaeotes)	2176	Methanohalophilus mahii	GCA_000025865.1GCF_000025865.1identical	Archaea	Euryarchaeota	Methanomicrobia	Methanosarcinales	Methanosarcinaceae	Methanohalophilus	Methanohalophilus mahii
GCF_000025625.1	547559	GCF_000025625.1	ASM2562v1	Natrialba magadii ATCC 43099 (euryarchaeotes)	13769	Natrialba magadii	GCA_000025625.1GCF_000025625.1identical	Archaea	Euryarchaeota	Halobacteria	Natrialbales	Natrialbaceae	Natrialba	Natrialba magadii
GCF_000024745.1	555311	GCF_000024745.1	ASM2474v1	Saccharolobus solfataricus 98/2 (crenarchaeotes)	2287	Saccharolobus solfataricus	GCA_000024745.1GCF_000024745.1identical	Archaea	Crenarchaeota	Thermoprotei	Sulfolobales	Sulfolobaceae	Saccharolobus	Saccharolobus solfataricus
GCF_001433455.1	55802	GCF_001433455.1	ASM143345v1	Thermococcus barophilus (euryarchaeotes)	55802	Thermococcus barophilus	GCA_001433455.1GCF_001433455.1identical	Archaea	Euryarchaeota	Thermococci	Thermococcales	Thermococcaceae	Thermococcus	Thermococcus barophilus
GCF_000789255.1	565033	GCF_000789255.1	ASM78925v1	Geoglobus acetivorans (euryarchaeotes)	565033	Geoglobus acetivorans	GCA_000789255.1GCF_000789255.1identical	Archaea	Euryarchaeota	Archaeoglobi	Archaeoglobales	Archaeoglobaceae	Geoglobus	Geoglobus acetivorans
GCF_000148385.1	572478	GCF_000148385.1	ASM14838v1	Vulcanisaeta distributa DSM 14429 (crenarchaeotes)	164451	Vulcanisaeta distributa	GCA_000148385.1GCF_000148385.1identical	Archaea	Crenarchaeota	Thermoprotei	Thermoproteales	Thermoproteaceae	Vulcanisaeta	Vulcanisaeta distributa
GCF_000025285.1	572546	GCF_000025285.1	ASM2528v1	Archaeoglobus profundus DSM 5631 (euryarchaeotes)	84156	Archaeoglobus profundus	GCA_000025285.1GCF_000025285.1identical	Archaea	Euryarchaeota	Archaeoglobi	Archaeoglobales	Archaeoglobaceae	Archaeoglobus	Archaeoglobus profundus
GCF_000092305.1	573063	GCF_000092305.1	ASM9230v1	Methanocaldococcus infernus ME (euryarchaeotes)	67760	Methanocaldococcus infernus	GCA_000092305.1GCF_000092305.1identical	Archaea	Euryarchaeota	Methanococci	Methanococcales	Methanocaldococcaceae	Methanocaldococcus	Methanocaldococcus infernus
GCF_000023985.1	573064	GCF_000023985.1	ASM2398v1	Methanocaldococcus fervens AG86 (euryarchaeotes)	83171	Methanocaldococcus fervens	GCA_000023985.1GCF_000023985.1identical	Archaea	Euryarchaeota	Methanococci	Methanococcales	Methanocaldococcaceae	Methanocaldococcus	Methanocaldococcus fervens
GCF_004803735.1	57705	GCF_004803735.1	ASM480373v1	Halomicrobium mukohataei (euryarchaeotes)	57705	Halomicrobium mukohataei	GCA_004803735.1GCF_004803735.1identical	Archaea	Euryarchaeota	Halobacteria	Halobacteriales	Haloarculaceae	Halomicrobium	Halomicrobium mukohataei
GCF_000024625.1	579137	GCF_000024625.1	ASM2462v1	Methanocaldococcus vulcanius M7 (euryarchaeotes)	73913	Methanocaldococcus vulcanius	GCA_000024625.1GCF_000024625.1identical	Archaea	Euryarchaeota	Methanococci	Methanococcales	Methanocaldococcaceae	Methanocaldococcus	Methanocaldococcus vulcanius
GCF_000517445.1	582419	GCF_000517445.1	ASM51744v1	Thermococcus paralvinellae (euryarchaeotes)	582419	Thermococcus paralvinellae	GCA_000517445.1GCF_000517445.1identical	Archaea	Euryarchaeota	Thermococci	Thermococcales	Thermococcaceae	Thermococcus	Thermococcus paralvinellae
GCF_001971705.1	588898	GCF_001971705.1	ASM197170v1	Haloterrigena daqingensis (euryarchaeotes)	588898	Haloterrigena daqingensis	GCA_001971705.1GCF_001971705.1identical	Archaea	Euryarchaeota	Halobacteria	Natrialbales	Natrialbaceae	Haloterrigena	Haloterrigena daqingensis
GCF_000025505.1	589924	GCF_000025505.1	ASM2550v1	Ferroglobus placidus DSM 10642 (euryarchaeotes)	54261	Ferroglobus placidus	GCA_000025505.1GCF_000025505.1identical	Archaea	Euryarchaeota	Archaeoglobi	Archaeoglobales	Archaeoglobaceae	Ferroglobus	Ferroglobus placidus
GCF_000092465.1	591019	GCF_000092465.1	ASM9246v1	Staphylothermus hellenicus DSM 12710 (crenarchaeotes)	84599	Staphylothermus hellenicus	GCA_000092465.1GCF_000092465.1identical	Archaea	Crenarchaeota	Thermoprotei	Desulfurococcales	Desulfurococcaceae	Staphylothermus	Staphylothermus hellenicus
GCF_002813695.1	59277	GCF_002813695.1	ASM281369v1	Methanobacterium subterraneum (euryarchaeotes)	59277	Methanobacterium subterraneum	GCA_002813695.1GCF_002813695.1identical	Archaea	Euryarchaeota	Methanobacteria	Methanobacteriales	Methanobacteriaceae	Methanobacterium	Methanobacterium subterraneum
GCF_002813655.1	59277	GCF_002813655.1	ASM281365v1	Methanobacterium subterraneum (euryarchaeotes)	59277	Methanobacterium subterraneum	GCA_002813655.1GCF_002813655.1identical	Archaea	Euryarchaeota	Methanobacteria	Methanobacteriales	Methanobacteriaceae	Methanobacterium	Methanobacterium subterraneum
GCF_000022365.1	593117	GCF_000022365.1	ASM2236v1	Thermococcus gammatolerans EJ3 (euryarchaeotes)	187878	Thermococcus gammatolerans	GCA_000022365.1GCF_000022365.1identical	Archaea	Euryarchaeota	Thermococci	Thermococcales	Thermococcaceae	Thermococcus	Thermococcus gammatolerans
GCF_000327485.1	593750	GCF_000327485.1	ASM32748v1	Methanoregula formicica SMSP (euryarchaeotes)	882104	Methanoregula formicica	GCA_000327485.1GCF_000327485.1identical	Archaea	Euryarchaeota	Methanomicrobia	Methanomicrobiales	Methanoregulaceae	Methanoregula	Methanoregula formicica
GCF_000022545.1	604354	GCF_000022545.1	ASM2254v1	Thermococcus sibiricus MM 739 (euryarchaeotes)	172049	Thermococcus sibiricus	GCA_000022545.1GCF_000022545.1identical	Archaea	Euryarchaeota	Thermococci	Thermococcales	Thermococcaceae	Thermococcus	Thermococcus sibiricus
GCF_004799645.1	61858	GCF_004799645.1	ASM479964v1	Natronorubrum bangense (euryarchaeotes)	61858	Natronorubrum bangense	GCA_004799645.1GCF_004799645.1identical	Archaea	Euryarchaeota	Halobacteria	Natrialbales	Natrialbaceae	Natronorubrum	Natronorubrum bangense
GCF_003201765.1	619593	GCF_003201765.1	ASM320176v1	Acidianus sulfidivorans JP7 (crenarchaeotes)	312539	Acidianus sulfidivorans	GCA_003201765.1GCF_003201765.1identical	Archaea	Crenarchaeota	Thermoprotei	Sulfolobales	Sulfolobaceae	Acidianus	Acidianus sulfidivorans
GCF_000092185.1	633148	GCF_000092185.1	ASM9218v1	Thermosphaera aggregans DSM 11486 (crenarchaeotes)	54254	Thermosphaera aggregans	GCA_000092185.1GCF_000092185.1identical	Archaea	Crenarchaeota	Thermoprotei	Desulfurococcales	Desulfurococcaceae	Thermosphaera	Thermosphaera aggregans
GCF_003990725.1	634157	GCF_003990725.1	ASM399072v1	Halorubrum sp. PV6 (euryarchaeotes)	634157	Halorubrum sp. PV6	GCA_003990725.1GCF_003990725.1identical	Archaea	Euryarchaeota	Halobacteria	Haloferacales	Halorubraceae	Halorubrum	Halorubrum sp. PV6
GCF_000223905.1	634497	GCF_000223905.1	ASM22390v1	Haloarcula hispanica ATCC 33960 (euryarchaeotes)	51589	Haloarcula hispanica	GCA_000223905.1GCF_000223905.1identical	Archaea	Euryarchaeota	Halobacteria	Halobacteriales	Haloarculaceae	Haloarcula	Haloarcula hispanica
GCF_000024185.1	634498	GCF_000024185.1	ASM2418v1	Methanobrevibacter ruminantium M1 (euryarchaeotes)	83816	Methanobrevibacter ruminantium	GCA_000024185.1GCF_000024185.1identical	Archaea	Euryarchaeota	Methanobacteria	Methanobacteriales	Methanobacteriaceae	Methanobrevibacter	Methanobrevibacter ruminantium
GCF_000828555.1	637915	GCF_000828555.1	ASM82855v1	Methanococcus maripaludis OS7 (euryarchaeotes)	39152	Methanococcus maripaludis	GCA_000828555.1GCF_000828555.1identical	Archaea	Euryarchaeota	Methanococci	Methanococcales	Methanococcaceae	Methanococcus	Methanococcus maripaludis
GCF_000006805.1	64091	GCF_000006805.1	ASM680v1	Halobacterium salinarum NRC-1 (euryarchaeotes)	2242	Halobacterium salinarum	GCA_000006805.1GCF_000006805.1identical	Archaea	Euryarchaeota	Halobacteria	Halobacteriales	Halobacteriaceae	Halobacterium	Halobacterium salinarum
GCF_000025525.1	644281	GCF_000025525.1	ASM2552v1	Methanocaldococcus sp. FS406-22 (euryarchaeotes)	644281	Methanocaldococcus sp. FS406-22	GCA_000025525.1GCF_000025525.1identical	Archaea	Euryarchaeota	Methanococci	Methanococcales	Methanocaldococcaceae	Methanocaldococcus	Methanocaldococcus sp. FS406-22
GCF_000196655.1	644295	GCF_000196655.1	ASM19665v1	Methanohalobium evestigatum Z-7303 (euryarchaeotes)	2322	Methanohalobium evestigatum	GCA_000196655.1GCF_000196655.1identical	Archaea	Euryarchaeota	Methanomicrobia	Methanosarcinales	Methanosarcinaceae	Methanohalobium	Methanohalobium evestigatum
GCF_000179575.2	647113	GCF_000179575.2	ASM17957v2	Methanothermococcus okinawensis IH1 (euryarchaeotes)	155863	Methanothermococcus okinawensis	GCA_000179575.2GCF_000179575.2identical	Archaea	Euryarchaeota	Methanococci	Methanococcales	Methanococcaceae	Methanothermococcus	Methanothermococcus okinawensis
GCF_003856835.1	660522	GCF_003856835.1	ASM385683v1	Haloplanus aerogenes (euryarchaeotes)	660522	Haloplanus aerogenes	GCA_003856835.1GCF_003856835.1identical	Archaea	Euryarchaeota	Halobacteria	Haloferacales	Haloferacaceae	Haloplanus	Haloplanus aerogenes
GCF_000144915.1	666510	GCF_000144915.1	ASM14491v1	Acidilobus saccharovorans 345-15 (crenarchaeotes)	242703	Acidilobus saccharovorans	GCA_000144915.1GCF_000144915.1identical	Archaea	Crenarchaeota	Thermoprotei	Acidilobales	Acidilobaceae	Acidilobus	Acidilobus saccharovorans
GCF_000327505.1	673860	GCF_000327505.1	ASM32750v1	Aciduliprofundum sp. MAR08-339 (euryarchaeotes)	673860	Aciduliprofundum sp. MAR08-339	GCA_000327505.1GCF_000327505.1identical	Archaea	Euryarchaeota	NA	NA	NA	Aciduliprofundum	Aciduliprofundum sp. MAR08-339
GCF_000217995.1	679901	GCF_000217995.1	ASM21799v1	Methanosalsum zhilinae DSM 4017 (euryarchaeotes)	39669	Methanosalsum zhilinae	GCA_000217995.1GCF_000217995.1identical	Archaea	Euryarchaeota	Methanomicrobia	Methanosarcinales	Methanosarcinaceae	Methanosalsum	Methanosalsum zhilinae
GCF_000147875.1	679926	GCF_000147875.1	ASM14787v1	Methanolacinia petrolearia DSM 11571 (euryarchaeotes)	54120	Methanolacinia petrolearia	GCA_000147875.1GCF_000147875.1identical	Archaea	Euryarchaeota	Methanomicrobia	Methanomicrobiales	Methanomicrobiaceae	Methanolacinia	Methanolacinia petrolearia
GCF_000009965.1	69014	GCF_000009965.1	ASM996v1	Thermococcus kodakarensis KOD1 (euryarchaeotes)	311400	Thermococcus kodakarensis	GCA_000009965.1GCF_000009965.1identical	Archaea	Euryarchaeota	Thermococci	Thermococcales	Thermococcaceae	Thermococcus	Thermococcus kodakarensis
GCF_000194625.1	693661	GCF_000194625.1	ASM19462v1	Archaeoglobus veneficus SNP6 (euryarchaeotes)	58290	Archaeoglobus veneficus	GCA_000194625.1GCF_000194625.1identical	Archaea	Euryarchaeota	Archaeoglobi	Archaeoglobales	Archaeoglobaceae	Archaeoglobus	Archaeoglobus veneficus
GCF_000223395.1	694429	GCF_000223395.1	ASM22339v1	Pyrolobus fumarii 1A (crenarchaeotes)	54252	Pyrolobus fumarii	GCA_000223395.1GCF_000223395.1identical	Archaea	Crenarchaeota	Thermoprotei	Desulfurococcales	Pyrodictiaceae	Pyrolobus	Pyrolobus fumarii
GCF_000328685.1	694430	GCF_000328685.1	ASM32868v1	Natronococcus occultus SP4 (euryarchaeotes)	29288	Natronococcus occultus	GCA_000328685.1GCF_000328685.1identical	Archaea	Euryarchaeota	Halobacteria	Natrialbales	Natrialbaceae	Natronococcus	Natronococcus occultus
GCF_005890195.1	69527	GCF_005890195.1	ASM589019v1	Natrinema pallidum (euryarchaeotes)	69527	Natrinema pallidum	GCA_005890195.1GCF_005890195.1identical	Archaea	Euryarchaeota	Halobacteria	Natrialbales	Natrialbaceae	Natrinema	Natrinema pallidum
GCF_000813245.1	697581	GCF_000813245.1	ASM81324v1	Thermofilum carboxyditrophus 1505 (crenarchaeotes)	1365176	Thermofilum adornatus	GCA_000813245.1GCF_000813245.1identical	Archaea	Crenarchaeota	Thermoprotei	Thermoproteales	Thermofilaceae	Thermofilum	Thermofilum carboxyditrophus
GCF_004799685.1	699433	GCF_004799685.1	ASM479968v1	Halobellus limi (euryarchaeotes)	699433	Halobellus limi	GCA_004799685.1GCF_004799685.1identical	Archaea	Euryarchaeota	Halobacteria	Haloferacales	Haloferacaceae	Halobellus	Halobellus limi
GCF_000011105.1	70601	GCF_000011105.1	ASM1110v1	Pyrococcus horikoshii OT3 (euryarchaeotes)	53953	Pyrococcus horikoshii	GCA_000011105.1GCF_000011105.1identical	Archaea	Euryarchaeota	Thermococci	Thermococcales	Thermococcaceae	Pyrococcus	Pyrococcus horikoshii
GCF_002214385.1	71997	GCF_002214385.1	ASM221438v1	Thermococcus gorgonarius (euryarchaeotes)	71997	Thermococcus gorgonarius	GCA_002214385.1GCF_002214385.1identical	Archaea	Euryarchaeota	Thermococci	Thermococcales	Thermococcaceae	Thermococcus	Thermococcus gorgonarius
GCF_002214485.1	71998	GCF_002214485.1	ASM221448v1	Thermococcus pacificus (euryarchaeotes)	71998	Thermococcus pacificus	GCA_002214485.1GCF_002214485.1identical	Archaea	Euryarchaeota	Thermococci	Thermococcales	Thermococcaceae	Thermococcus	Thermococcus pacificus
GCF_002214505.1	72803	GCF_002214505.1	ASM221450v1	Thermococcus siculi (euryarchaeotes)	72803	Thermococcus siculi	GCA_002214505.1GCF_002214505.1identical	Archaea	Euryarchaeota	Thermococci	Thermococcales	Thermococcaceae	Thermococcus	Thermococcus siculi
GCF_002156705.1	745377	GCF_002156705.1	ASM215670v1	Natronolimnobius aegyptiacus (euryarchaeotes)	745377	Natronolimnobius aegyptiacus	GCA_002156705.1GCF_002156705.1identical	Archaea	Euryarchaeota	Halobacteria	Natrialbales	Natrialbaceae	Natronolimnobius	Natronolimnobius aegyptiacus
GCF_002078355.1	74969	GCF_002078355.1	ASM207835v1	Ferroplasma acidiphilum (euryarchaeotes)	74969	Ferroplasma acidiphilum	GCA_002078355.1GCF_002078355.1identical	Archaea	Euryarchaeota	Thermoplasmata	Thermoplasmatales	Ferroplasmaceae	Ferroplasma	Ferroplasma acidiphilum
GCF_000230955.2	751944	GCF_000230955.2	ASM23095v3	Halobacterium sp. DL1 (euryarchaeotes)	751944	Halobacterium sp. DL1	GCA_000230955.3GCF_000230955.2identical	Archaea	Euryarchaeota	Halobacteria	Halobacteriales	Halobacteriaceae	Halobacterium	Halobacterium sp. DL1
GCF_002906575.1	755307	GCF_002906575.1	ASM290657v1	Salinigranum rubrum (euryarchaeotes)	755307	Salinigranum rubrum	GCA_002906575.1GCF_002906575.1identical	Archaea	Euryarchaeota	Halobacteria	Haloferacales	Halorubraceae	Salinigranum	Salinigranum rubrum
GCF_000224475.1	756883	GCF_000224475.1	ASM22447v1	halophilic archaeon DL31 (euryarchaeotes)	756883	halophilic archaeon DL31	GCA_000224475.1GCF_000224475.1identical	Archaea	Euryarchaeota	Halobacteria	Haloferacales	NA	NA	halophilic archaeon DL31
GCF_000186365.1	765177	GCF_000186365.1	ASM18636v1	Desulfurococcus mucosus DSM 2162 (crenarchaeotes)	2275	Desulfurococcus mucosus	GCA_000186365.1GCF_000186365.1identical	Archaea	Crenarchaeota	Thermoprotei	Desulfurococcales	Desulfurococcaceae	Desulfurococcus	Desulfurococcus mucosus
GCF_000237865.1	768065	GCF_000237865.1	ASM23786v1	Haloquadratum walsbyi C23 (euryarchaeotes)	293091	Haloquadratum walsbyi	GCA_000237865.1GCF_000237865.1identical	Archaea	Euryarchaeota	Halobacteria	Haloferacales	Haloferacaceae	Haloquadratum	Haloquadratum walsbyi
GCF_000231015.2	768672	GCF_000231015.2	ASM23101v3	Desulfurococcus amylolyticus DSM 16532 (crenarchaeotes)	94694	Desulfurococcus amylolyticus	GCA_000231015.3GCF_000231015.2identical	Archaea	Crenarchaeota	Thermoprotei	Desulfurococcales	Desulfurococcaceae	Desulfurococcus	Desulfurococcus amylolyticus
GCF_000253055.1	768679	GCF_000253055.1	ASM25305v1	Thermoproteus tenax Kra 1 (crenarchaeotes)	2271	Thermoproteus tenax	GCA_000253055.1GCF_000253055.1identical	Archaea	Crenarchaeota	Thermoprotei	Thermoproteales	Thermoproteaceae	Thermoproteus	Thermoproteus tenax
GCF_000196895.1	795797	GCF_000196895.1	ASM19689v1	Halalkalicoccus jeotgali B3 (euryarchaeotes)	413810	Halalkalicoccus jeotgali	GCA_000196895.1GCF_000196895.1identical	Archaea	Euryarchaeota	Halobacteria	Halobacteriales	Halobacteriaceae	Halalkalicoccus	Halalkalicoccus jeotgali
GCF_001027005.1	796385	GCF_001027005.1	ASM102700v1	Methanosarcina barkeri CM1 (euryarchaeotes)	2208	Methanosarcina barkeri	GCA_001027005.1GCF_001027005.1identical	Archaea	Euryarchaeota	Methanomicrobia	Methanosarcinales	Methanosarcinaceae	Methanosarcina	Methanosarcina barkeri
GCF_000217715.1	797210	GCF_000217715.1	ASM21771v1	Halopiger xanaduensis SH-6 (euryarchaeotes)	387343	Halopiger xanaduensis	GCA_000217715.1GCF_000217715.1identical	Archaea	Euryarchaeota	Halobacteria	Natrialbales	Natrialbaceae	Halopiger	Halopiger xanaduensis
GCF_000517625.1	797299	GCF_000517625.1	ASM51762v1	Halostagnicola larsenii XH-48 (euryarchaeotes)	353800	Halostagnicola larsenii	GCA_000517625.1GCF_000517625.1identical	Archaea	Euryarchaeota	Halobacteria	Natrialbales	Natrialbaceae	Halostagnicola	Halostagnicola larsenii
GCF_000230735.2	797303	GCF_000230735.2	ASM23073v3	Natrinema pellirubrum DSM 15624 (euryarchaeotes)	69525	Natrinema pellirubrum	GCA_000230735.3GCF_000230735.2identical	Archaea	Euryarchaeota	Halobacteria	Natrialbales	Natrialbaceae	Natrinema	Natrinema pellirubrum
GCF_000230715.2	797304	GCF_000230715.2	ASM23071v3	Natronobacterium gregoryi SP2 (euryarchaeotes)	44930	Natronobacterium gregoryi	GCA_000230715.3GCF_000230715.2identical	Archaea	Euryarchaeota	Halobacteria	Natrialbales	Natrialbaceae	Natronobacterium	Natronobacterium gregoryi
GCF_000145295.1	79929	GCF_000145295.1	ASM14529v1	Methanothermobacter marburgensis str. Marburg (euryarchaeotes)	145263	Methanothermobacter marburgensis	GCA_000145295.1GCF_000145295.1identical	Archaea	Euryarchaeota	Methanobacteria	Methanobacteriales	Methanobacteriaceae	Methanothermobacter	Methanothermobacter marburgensis
GCF_900079125.1	83986	GCF_900079125.1	MBBA	Methanoculleus bourgensis (euryarchaeotes)	83986	Methanoculleus bourgensis	GCA_900079125.1GCF_900079125.1identical	Archaea	Euryarchaeota	Methanomicrobia	Methanomicrobiales	Methanomicrobiaceae	Methanoculleus	Methanoculleus bourgensis
GCF_900036045.1	86622	GCF_900036045.1	Methanoculleus sp MAB1	Methanoculleus sp. MAB1 (euryarchaeotes)	86622	Methanoculleus sp. MAB1	GCA_900036045.1GCF_900036045.1identical	Archaea	Euryarchaeota	Methanomicrobia	Methanomicrobiales	Methanomicrobiaceae	Methanoculleus	Methanoculleus sp. MAB1
GCF_000828575.1	866790	GCF_000828575.1	ASM82857v1	Methanothermobacter sp. CaT2 (euryarchaeotes)	866790	Methanothermobacter sp. CaT2	GCA_000828575.1GCF_000828575.1identical	Archaea	Euryarchaeota	Methanobacteria	Methanobacteriales	Methanobacteriaceae	Methanothermobacter	Methanothermobacter sp. CaT2
GCF_000328665.1	867904	GCF_000328665.1	ASM32866v1	Methanomethylovorans hollandica DSM 15978 (euryarchaeotes)	101192	Methanomethylovorans hollandica	GCA_000328665.1GCF_000328665.1identical	Archaea	Euryarchaeota	Methanomicrobia	Methanosarcinales	Methanosarcinaceae	Methanomethylovorans	Methanomethylovorans hollandica
GCF_000214725.1	868131	GCF_000214725.1	ASM21472v1	Methanobacterium paludis (euryarchaeotes)	868131	Methanobacterium paludis	GCA_000214725.1GCF_000214725.1identical	Archaea	Euryarchaeota	Methanobacteria	Methanobacteriales	Methanobacteriaceae	Methanobacterium	Methanobacterium paludis
GCF_000191585.1	877455	GCF_000191585.1	ASM19158v1	Methanobacterium lacus (euryarchaeotes)	877455	Methanobacterium lacus	GCA_000191585.1GCF_000191585.1identical	Archaea	Euryarchaeota	Methanobacteria	Methanobacteriales	Methanobacteriaceae	Methanobacterium	Methanobacterium lacus
GCF_000214415.1	880724	GCF_000214415.1	ASM21441v1	Methanotorris igneus Kol 5 (euryarchaeotes)	2189	Methanotorris igneus	GCA_000214415.1GCF_000214415.1identical	Archaea	Euryarchaeota	Methanococci	Methanococcales	Methanocaldococcaceae	Methanotorris	Methanotorris igneus
GCF_005576615.1	88724	GCF_005576615.1	ASM557661v1	Natrinema versiforme (euryarchaeotes)	88724	Natrinema versiforme	GCA_005576615.1GCF_005576615.1identical	Archaea	Euryarchaeota	Halobacteria	Natrialbales	Natrialbaceae	Natrinema	Natrinema versiforme
GCF_000698785.1	926571	GCF_000698785.1	ASM69878v1	Nitrososphaera viennensis EN76 (archaea)	1034015	Nitrososphaera viennensis	GCA_000698785.1GCF_000698785.1identical	Archaea	Thaumarchaeota	Nitrososphaeria	Nitrososphaerales	Nitrososphaeraceae	Nitrososphaera	Nitrososphaera viennensis
GCF_000189555.1	930945	GCF_000189555.1	ASM18955v1	Sulfolobus islandicus REY15A (crenarchaeotes)	43080	Sulfolobus islandicus	GCA_000189555.1GCF_000189555.1identical	Archaea	Crenarchaeota	Thermoprotei	Sulfolobales	Sulfolobaceae	Sulfolobus	Sulfolobus islandicus
GCF_000213215.1	933801	GCF_000213215.1	ASM21321v1	Acidianus hospitalis W1 (crenarchaeotes)	563177	Acidianus hospitalis	GCA_000213215.1GCF_000213215.1identical	Archaea	Crenarchaeota	Thermoprotei	Sulfolobales	Sulfolobaceae	Acidianus	Acidianus hospitalis
GCF_001481685.1	940295	GCF_001481685.1	ASM148168v1	Ignicoccus islandicus DSM 13165 (crenarchaeotes)	54259	Ignicoccus islandicus	GCA_001481685.1GCF_001481685.1identical	Archaea	Crenarchaeota	Thermoprotei	Desulfurococcales	Desulfurococcaceae	Ignicoccus	Ignicoccus islandicus
GCF_000190315.1	985053	GCF_000190315.1	ASM19031v1	Vulcanisaeta moutnovskia 768-28 (crenarchaeotes)	985052	Vulcanisaeta moutnovskia	GCA_000190315.1GCF_000190315.1identical	Archaea	Crenarchaeota	Thermoprotei	Thermoproteales	Thermoproteaceae	Vulcanisaeta	Vulcanisaeta moutnovskia
GCF_000204415.1	990316	GCF_000204415.1	ASM20441v1	Methanothrix soehngenii GP6 (euryarchaeotes)	2223	Methanothrix soehngenii	GCA_000204415.1GCF_000204415.1identical	Archaea	Euryarchaeota	Methanomicrobia	Methanosarcinales	Methanosaetaceae	Methanothrix	Methanothrix soehngenii
GCF_000193375.1	999630	GCF_000193375.1	ASM19337v1	Thermoproteus uzoniensis 768-20 (crenarchaeotes)	184117	Thermoproteus uzoniensis	GCA_000193375.1GCF_000193375.1identical	Archaea	Crenarchaeota	Thermoprotei	Thermoproteales	Thermoproteaceae	Thermoproteus	Thermoproteus uzoniensis
