AssemblyAccession	Taxid	LastMajorReleaseAccession	AssemblyName	Organism	SpeciesTaxid	SpeciesName	Synonym	superkingdom	phylum	class	order	family	genus	species
GCF_001417885.1	1003335	GCF_001417885.1	Kmar_1.0	Kluyveromyces marxianus DMKU3-1042 (budding yeasts)	4911	Kluyveromyces marxianus	GCA_001417885.1GCF_001417885.1identical	Eukaryota	Ascomycota	Saccharomycetes	Saccharomycetales	Saccharomycetaceae	Kluyveromyces	Kluyveromyces marxianus
GCF_000303195.2	1028729	GCF_000303195.2	FP7	Fusarium pseudograminearum CS3096 (ascomycetes)	101028	Fusarium pseudograminearum	GCA_000303195.2GCF_000303195.2identical	Eukaryota	Ascomycota	Sordariomycetes	Hypocreales	Nectriaceae	Fusarium	Fusarium pseudograminearum
GCF_000711695.1	1037660	GCF_000711695.1	Tilletiaria anomala UBC 951 v1.0	Tilletiaria anomala UBC 951 (basidiomycetes)	5281	Tilletiaria anomala	GCA_000711695.1GCF_000711695.1identical	Eukaryota	Basidiomycota	Exobasidiomycetes	Georgefischeriales	Tilletiariaceae	Tilletiaria	Tilletiaria anomala
GCF_000313485.1	1041607	GCF_000313485.1	ASM31348v1	Wickerhamomyces ciferrii (budding yeasts)	1041607	Wickerhamomyces ciferrii	GCA_000313485.1GCF_000313485.1identical	Eukaryota	Ascomycota	Saccharomycetes	Saccharomycetales	Phaffomycetaceae	Wickerhamomyces	Wickerhamomyces ciferrii
GCF_003025105.1	1042311	GCF_003025105.1	Trias v. 1.0	Trichoderma asperellum CBS 433.97 (ascomycetes)	101201	Trichoderma asperellum	GCA_003025105.1GCF_003025105.1identical	Eukaryota	Ascomycota	Sordariomycetes	Hypocreales	Hypocreaceae	Trichoderma	Trichoderma asperellum
GCF_000721785.1	1043002	GCF_000721785.1	Aureobasidium pullulans var. pullulans EXF-150, assembly version 1.0	Aureobasidium pullulans EXF-150 (ascomycetes)	5580	Aureobasidium pullulans	GCA_000721785.1GCF_000721785.1identical	Eukaryota	Ascomycota	Dothideomycetes	Dothideales	Saccotheciaceae	Aureobasidium	Aureobasidium pullulans
GCF_000721765.1	1043004	GCF_000721765.1	Aureobasidium pullulans var. namibiae CBS 147.97 v1.0	Aureobasidium namibiae CBS 147.97 (ascomycetes)	559561	Aureobasidium namibiae	GCA_000721765.1GCF_000721765.1identical	Eukaryota	Ascomycota	Dothideomycetes	Dothideales	Saccotheciaceae	Aureobasidium	Aureobasidium namibiae
GCF_000721755.1	1043005	GCF_000721755.1	Aureobasidium pullulans var. subglaciale EXF-2481 v1.0	Aureobasidium subglaciale EXF-2481 (ascomycetes)	1042127	Aureobasidium subglaciale	GCA_000721755.1GCF_000721755.1identical	Eukaryota	Ascomycota	Dothideomycetes	Dothideales	Saccotheciaceae	Aureobasidium	Aureobasidium subglaciale
GCF_003724135.1	1051616	GCF_003724135.1	ASM372413v1	Verticillium nonalfalfae (ascomycetes)	1051616	Verticillium nonalfalfae	GCA_003724135.1GCF_003724135.1identical	Eukaryota	Ascomycota	Sordariomycetes	Glomerellales	Plectosphaerellaceae	Verticillium	Verticillium nonalfalfae
GCF_003942205.1	105984	GCF_003942205.1	ASM394220v1	Apiotrichum porosum (basidiomycetes)	105984	Apiotrichum porosum	GCA_003942205.1GCF_003942205.1identical	Eukaryota	Basidiomycota	Tremellomycetes	Trichosporonales	Trichosporonaceae	Apiotrichum	Apiotrichum porosum
GCF_000237345.1	1064592	GCF_000237345.1	ASM23734v1	Naumovozyma castellii CBS 4309 (budding yeasts)	27288	Naumovozyma castellii	GCA_000237345.1GCF_000237345.1identical	Eukaryota	Ascomycota	Saccharomycetes	Saccharomycetales	Saccharomycetaceae	Naumovozyma	Naumovozyma castellii
GCF_000349005.2	1069680	GCF_000349005.2	Pneumo_murina_B123_V4	Pneumocystis murina B123 (ascomycetes)	263815	Pneumocystis murina	GCA_000349005.2GCF_000349005.2identical	Eukaryota	Ascomycota	Pneumocystidomycetes	Pneumocystidales	Pneumocystidaceae	Pneumocystis	Pneumocystis murina
GCF_000227115.2	1071378	GCF_000227115.2	ASM22711v2	Naumovozyma dairenensis CBS 421 (budding yeasts)	27289	Naumovozyma dairenensis	GCA_000227115.2GCF_000227115.2identical	Eukaryota	Ascomycota	Saccharomycetes	Saccharomycetales	Saccharomycetaceae	Naumovozyma	Naumovozyma dairenensis
GCF_000315915.1	1071380	GCF_000315915.1	ASM31591v1	Tetrapisispora blattae CBS 6284 (budding yeasts)	1071379	Tetrapisispora blattae	GCA_000315915.1GCF_000315915.1identical	Eukaryota	Ascomycota	Saccharomycetes	Saccharomycetales	Saccharomycetaceae	Tetrapisispora	Tetrapisispora blattae
GCF_000236905.1	1071381	GCF_000236905.1	ASM23690v1	Tetrapisispora phaffii CBS 4417 (budding yeasts)	113608	Tetrapisispora phaffii	GCA_000236905.1GCF_000236905.1identical	Eukaryota	Ascomycota	Saccharomycetes	Saccharomycetales	Saccharomycetaceae	Tetrapisispora	Tetrapisispora phaffii
GCF_000304475.1	1071382	GCF_000304475.1	Ka_CBS2517	Kazachstania africana CBS 2517 (budding yeasts)	432096	Kazachstania africana	GCA_000304475.1GCF_000304475.1identical	Eukaryota	Ascomycota	Saccharomycetes	Saccharomycetales	Saccharomycetaceae	Kazachstania	Kazachstania africana
GCF_000348985.1	1071383	GCF_000348985.1	ASM34898v1	Kazachstania naganishii CBS 8797 (budding yeasts)	588726	Kazachstania naganishii	GCA_000348985.1GCF_000348985.1identical	Eukaryota	Ascomycota	Saccharomycetes	Saccharomycetales	Saccharomycetaceae	Kazachstania	Kazachstania naganishii
GCF_000298775.1	1072389	GCF_000298775.1	ASM29877v1	Marssonina brunnea f. sp. 'multigermtubi' MB_m1 (ascomycetes)	698440	Marssonina brunnea	GCA_000298775.1GCF_000298775.1identical	Eukaryota	Ascomycota	Leotiomycetes	Helotiales	Dermateaceae	Marssonina	Marssonina brunnea
GCF_001890105.1	1073090	GCF_001890105.1	Aspzo1	Penicilliopsis zonata CBS 506.65 (ascomycetes)	41063	Penicilliopsis zonata	GCA_001890105.1GCF_001890105.1identical	Eukaryota	Ascomycota	Eurotiomycetes	Eurotiales	Aspergillaceae	Penicilliopsis	Penicilliopsis zonata
GCF_001298625.1	1080349	GCF_001298625.1	SEUB3.0	Saccharomyces eubayanus (budding yeasts)	1080349	Saccharomyces eubayanus	GCA_001298625.1GCF_001298625.1identical	Eukaryota	Ascomycota	Saccharomycetes	Saccharomycetales	Saccharomycetaceae	Saccharomyces	Saccharomyces eubayanus
GCF_001636725.1	1081104	GCF_001636725.1	ISF 1.0	Cordyceps fumosorosea ARSEF 2679 (ascomycetes)	114497	Cordyceps fumosorosea	GCA_001636725.1GCF_001636725.1identical	Eukaryota	Ascomycota	Sordariomycetes	Hypocreales	Cordycipitaceae	Cordyceps	Cordyceps fumosorosea
GCF_001792695.1	109264	GCF_001792695.1	ASM179269v1	Aspergillus bombycis (ascomycetes)	109264	Aspergillus bombycis	GCA_001792695.1GCF_001792695.1identical	Eukaryota	Ascomycota	Eurotiomycetes	Eurotiales	Aspergillaceae	Aspergillus	Aspergillus bombycis
GCF_002865645.1	1095630	GCF_002865645.1	Melbi2	Meliniomyces bicolor E (ascomycetes)	2482752	Hyaloscypha bicolor	GCA_002865645.1GCF_002865645.1identical	Eukaryota	Ascomycota	Leotiomycetes	Helotiales	Hyaloscyphaceae	Hyaloscypha	Hyaloscypha bicolor
GCF_000409485.1	1116229	GCF_000409485.1	GLAREA	Glarea lozoyensis ATCC 20868 (ascomycetes)	101852	Glarea lozoyensis	GCA_000409485.1GCF_000409485.1identical	Eukaryota	Ascomycota	Leotiomycetes	Helotiales	Helotiaceae	Glarea	Glarea lozoyensis
GCF_900074925.1	112498	GCF_900074925.1	version 1	Ramularia collo-cygni (ascomycetes)	112498	Ramularia collo-cygni	GCA_900074925.1GCF_900074925.1identical	Eukaryota	Ascomycota	Dothideomycetes	Capnodiales	Mycosphaerellaceae	Ramularia	Ramularia collo-cygni
GCF_000320785.1	1130832	GCF_000320785.1	RHOziaDV1.0	Rhodotorula toruloides NP11 (basidiomycetes)	5286	Rhodotorula toruloides	GCA_000320785.2GCF_000320785.1identical	Eukaryota	Basidiomycota	Microbotryomycetes	Sporidiobolales	Sporidiobolaceae	Rhodotorula	Rhodotorula toruloides
GCF_000315875.1	1136231	GCF_000315875.1	ASM31587v1	Candida orthopsilosis Co 90-125 (budding yeasts)	273371	Candida orthopsilosis	GCA_000315875.1GCF_000315875.1identical	Eukaryota	Ascomycota	Saccharomycetes	Saccharomycetales	Debaryomycetaceae	Candida	Candida orthopsilosis
GCF_001890805.1	1160497	GCF_001890805.1	Aspgl1	Aspergillus glaucus CBS 516.65 (ascomycetes)	41413	Aspergillus glaucus	GCA_001890805.1GCF_001890805.1identical	Eukaryota	Ascomycota	Eurotiomycetes	Eurotiales	Aspergillaceae	Aspergillus	Aspergillus glaucus
GCF_000281105.1	1168221	GCF_000281105.1	Coni_apol_CBS100218 _V1	Coniosporium apollinis CBS 100218 (ascomycetes)	61459	Coniosporium apollinis	GCA_000281105.1GCF_000281105.1identical	Eukaryota	Ascomycota	Dothideomycetes	NA	NA	Coniosporium	Coniosporium apollinis
GCF_000315645.1	1170230	GCF_000315645.1	PdigPd1_v1	Penicillium digitatum Pd1 (ascomycetes)	36651	Penicillium digitatum	GCA_000315645.2GCF_000315645.1different	Eukaryota	Ascomycota	Eurotiomycetes	Eurotiales	Aspergillaceae	Penicillium	Penicillium digitatum
GCF_000280035.1	1178016	GCF_000280035.1	ASM28003v2	Encephalitozoon romaleae SJ-2008 (microsporidians)	571949	Encephalitozoon romaleae	GCA_000280035.2GCF_000280035.1identical	Eukaryota	Microsporidia	NA	NA	Unikaryonidae	Encephalitozoon	Encephalitozoon romaleae
GCF_000585585.1	1182541	GCF_000585585.1	Capr_coro_CBS_617_96_V1	Capronia coronata CBS 617.96 (ascomycetes)	43229	Capronia coronata	GCA_000585585.1GCF_000585585.1identical	Eukaryota	Ascomycota	Eurotiomycetes	Chaetothyriales	Herpotrichiellaceae	Capronia	Capronia coronata
GCF_000585565.1	1182542	GCF_000585565.1	Capr_epim_CBS_606_96_V1	Capronia epimyces CBS 606.96 (ascomycetes)	43228	Capronia epimyces	GCA_000585565.1GCF_000585565.1identical	Eukaryota	Ascomycota	Eurotiomycetes	Chaetothyriales	Herpotrichiellaceae	Capronia	Capronia epimyces
GCF_000585535.1	1182543	GCF_000585535.1	Clad_psam_CBS_110553_V1	Cladophialophora psammophila CBS 110553 (ascomycetes)	1182553	Cladophialophora psammophila	GCA_000585535.1GCF_000585535.1identical	Eukaryota	Ascomycota	Eurotiomycetes	Chaetothyriales	Herpotrichiellaceae	Cladophialophora	Cladophialophora psammophila
GCF_000585515.1	1182544	GCF_000585515.1	Clad_yegr_CBS_114405_V1	Cladophialophora yegresii CBS 114405 (ascomycetes)	470704	Cladophialophora yegresii	GCA_000585515.1GCF_000585515.1identical	Eukaryota	Ascomycota	Eurotiomycetes	Chaetothyriales	Herpotrichiellaceae	Cladophialophora	Cladophialophora yegresii
GCF_000709125.1	1182545	GCF_000709125.1	Exop_aqua_CBS_119918_V1	Exophiala aquamarina CBS 119918 (ascomycetes)	1033840	Exophiala aquamarina	GCA_000709125.1GCF_000709125.1identical	Eukaryota	Ascomycota	Eurotiomycetes	Chaetothyriales	Herpotrichiellaceae	Exophiala	Exophiala aquamarina
GCF_000293215.1	1186058	GCF_000293215.1	Trichosporon asahii 1	Trichosporon asahii var. asahii CBS 2479 (basidiomycetes)	82508	Trichosporon asahii	GCA_000293215.1GCF_000293215.1identical	Eukaryota	Basidiomycota	Tremellomycetes	Trichosporonales	Trichosporonaceae	Trichosporon	Trichosporon asahii
GCF_001831195.1	1209926	GCF_001831195.1	CORC01	Colletotrichum orchidophilum (ascomycetes)	1209926	Colletotrichum orchidophilum	GCA_001831195.1GCF_001831195.1identical	Eukaryota	Ascomycota	Sordariomycetes	Glomerellales	Glomerellaceae	Colletotrichum	Colletotrichum orchidophilum
GCF_000365145.1	1220924	GCF_000365145.1	Phia_euro_CBS_101466_V1	Cyphellophora europaea CBS 101466 (ascomycetes)	293227	Cyphellophora europaea	GCA_000365145.2GCF_000365145.1identical	Eukaryota	Ascomycota	Eurotiomycetes	Chaetothyriales	Cyphellophoraceae	Cyphellophora	Cyphellophora europaea
GCF_002742065.1	122368	GCF_002742065.1	CB0940_V2	Cercospora beticola (ascomycetes)	122368	Cercospora beticola	GCA_002742065.1GCF_002742065.1identical	Eukaryota	Ascomycota	Dothideomycetes	Capnodiales	Mycosphaerellaceae	Cercospora	Cercospora beticola
GCF_000516985.1	1229662	GCF_000516985.1	PFICI	Pestalotiopsis fici W106-1 (ascomycetes)	393283	Pestalotiopsis fici	GCA_000516985.1GCF_000516985.1identical	Eukaryota	Ascomycota	Sordariomycetes	Xylariales	Sporocadaceae	Pestalotiopsis	Pestalotiopsis fici
GCF_000349305.1	1230383	GCF_000349305.1	ASM34930v2	Malassezia sympodialis ATCC 42132 (basidiomycetes)	76777	Malassezia sympodialis	GCA_000349305.2GCF_000349305.1identical	Eukaryota	Basidiomycota	Malasseziomycetes	Malasseziales	Malasseziaceae	Malassezia	Malassezia sympodialis
GCF_002926085.2	1231522	GCF_002926085.1	CanDuoHae_v1.0	[Candida] duobushaemulonis (budding yeasts)	1231522	[Candida] duobushaemulonis	GCA_002926085.1GCF_002926085.2identical	Eukaryota	Ascomycota	Saccharomycetes	Saccharomycetales	Metschnikowiaceae	Clavispora	[Candida] duobushaemulonis
GCF_000938715.1	1245769	GCF_000938715.1	LALA0	Lachancea lanzarotensis (budding yeasts)	1245769	Lachancea lanzarotensis	GCA_000938715.1GCF_000938715.1identical	Eukaryota	Ascomycota	Saccharomycetes	Saccharomycetales	Saccharomycetaceae	Lachancea	Lachancea lanzarotensis
GCF_000464535.1	1263415	GCF_000464535.1	EPUS	Endocarpon pusillum Z07020 (ascomycetes)	364733	Endocarpon pusillum	GCA_000464535.1GCF_000464535.1identical	Eukaryota	Ascomycota	Eurotiomycetes	Verrucariales	Verrucariaceae	Endocarpon	Endocarpon pusillum
GCF_000814965.1	1276141	GCF_000814965.1	MBR_1.0	Metarhizium brunneum ARSEF 3297 (ascomycetes)	500148	Metarhizium brunneum	GCA_000814965.1GCF_000814965.1identical	Eukaryota	Ascomycota	Sordariomycetes	Hypocreales	Clavicipitaceae	Metarhizium	Metarhizium brunneum
GCF_000417875.1	1277687	GCF_000417875.1	Pflocc_1.0	Anthracocystis flocculosa PF-1 (smut fungi)	84751	Anthracocystis flocculosa	GCA_000417875.1GCF_000417875.1identical	Eukaryota	Basidiomycota	Ustilaginomycetes	Ustilaginales	Ustilaginaceae	Anthracocystis	Anthracocystis flocculosa
GCF_000365165.1	1279043	GCF_000365165.1	Clad_carr_CBS_160_54_V1	Cladophialophora carrionii CBS 160.54 (ascomycetes)	86049	Cladophialophora carrionii	GCA_000365165.2GCF_000365165.1identical	Eukaryota	Ascomycota	Eurotiomycetes	Chaetothyriales	Herpotrichiellaceae	Cladophialophora	Cladophialophora carrionii
GCF_900079805.1	1279085	GCF_900079805.1	Fusarium_fujikuroi_IMI58289_V2	Fusarium fujikuroi IMI 58289 (ascomycetes)	5127	Fusarium fujikuroi	GCA_900079805.1GCF_900079805.1identical	Eukaryota	Ascomycota	Sordariomycetes	Hypocreales	Nectriaceae	Fusarium	Fusarium fujikuroi
GCF_003144205.1	1280837	GCF_003144205.1	Meimi1	Meira miltonrushii (basidiomycetes)	1280837	Meira miltonrushii	GCA_003144205.1GCF_003144205.1identical	Eukaryota	Basidiomycota	Exobasidiomycetes	Exobasidiales	Brachybasidiaceae	Meira	Meira miltonrushii
GCF_000392275.1	1286976	GCF_000392275.1	UCRPA7V03	Phaeoacremonium minimum UCRPA7 (ascomycetes)	223192	Phaeoacremonium minimum	GCA_000392275.1GCF_000392275.1identical	Eukaryota	Ascomycota	Sordariomycetes	Togniniales	Togniniaceae	Phaeoacremonium	Phaeoacremonium minimum
GCF_001720155.1	1295528	GCF_001720155.1	Tsuc_wing_CBS7118_V1	Cryptococcus wingfieldii CBS 7118 (basidiomycetes)	5619	Cryptococcus wingfieldii	GCA_001720155.1GCF_001720155.1identical	Eukaryota	Basidiomycota	Tremellomycetes	Tremellales	Cryptococcaceae	Cryptococcus	Cryptococcus wingfieldii
GCF_001720205.1	1295533	GCF_001720205.1	Cryp_amyl_CBS6039_V3	Cryptococcus amylolentus CBS 6039 (basidiomycetes)	104669	Cryptococcus amylolentus	GCA_001720205.1GCF_001720205.1identical	Eukaryota	Basidiomycota	Tremellomycetes	Tremellales	Cryptococcaceae	Cryptococcus	Cryptococcus amylolentus
GCF_000512605.1	1296096	GCF_000512605.1	Cryp_pinu_CBS10737_V1	Kwoniella pini CBS 10737 (basidiomycetes)	453459	Kwoniella pini	GCA_000512605.2GCF_000512605.1identical	Eukaryota	Basidiomycota	Tremellomycetes	Tremellales	Cryptococcaceae	Kwoniella	Kwoniella pini
GCF_000512585.1	1296100	GCF_000512585.1	Cryp_best_CBS10118_V1	Kwoniella bestiolae CBS 10118 (basidiomycetes)	324769	Kwoniella bestiolae	GCA_000512585.2GCF_000512585.1identical	Eukaryota	Basidiomycota	Tremellomycetes	Tremellales	Cryptococcaceae	Kwoniella	Kwoniella bestiolae
GCF_000512565.1	1296121	GCF_000512565.1	Cryp_deje_CBS10117_V1	Kwoniella dejecticola CBS 10117 (basidiomycetes)	324770	Kwoniella dejecticola	GCA_000512565.2GCF_000512565.1identical	Eukaryota	Basidiomycota	Tremellomycetes	Tremellales	Cryptococcaceae	Kwoniella	Kwoniella dejecticola
GCF_000507465.1	1296122	GCF_000507465.1	Kwon_mang_CBS8507_V2	Kwoniella mangroviensis CBS 8507 (basidiomycetes)	463800	Kwoniella mangrovensis	GCA_000507465.3GCF_000507465.1identical	Eukaryota	Basidiomycota	Tremellomycetes	Tremellales	Cryptococcaceae	Kwoniella	Kwoniella mangrovensis
GCF_000400465.1	1299270	GCF_000400465.1	Wallemia ichthyophaga version 1.0	Wallemia ichthyophaga EXF-994 (basidiomycetes)	245174	Wallemia ichthyophaga	GCA_000400465.1GCF_000400465.1identical	Eukaryota	Basidiomycota	Wallemiomycetes	Wallemiales	Wallemiaceae	Wallemia	Wallemia ichthyophaga
GCF_000403515.1	1305764	GCF_000403515.1	ASM40351v1	Pseudozyma hubeiensis SY62 (smut fungi)	327079	Pseudozyma hubeiensis	GCA_000403515.1GCF_000403515.1identical	Eukaryota	Basidiomycota	Ustilaginomycetes	Ustilaginales	Ustilaginaceae	Pseudozyma	Pseudozyma hubeiensis
GCF_003711515.1	1314773	GCF_003711515.1	Sodal1	Sodiomyces alkalinus F11 (ascomycetes)	1302862	Sodiomyces alkalinus	GCA_003711515.1GCF_003711515.1identical	Eukaryota	Ascomycota	Sordariomycetes	Glomerellales	Plectosphaerellaceae	Sodiomyces	Sodiomyces alkalinus
GCF_001619985.1	1328760	GCF_001619985.1	Xylona heveae TC161 v1.0	Xylona heveae TC161 (ascomycetes)	1217826	Xylona heveae	GCA_001619985.1GCF_001619985.1identical	Eukaryota	Ascomycota	Xylonomycetes	Xylonales	Xylonaceae	Xylona	Xylona heveae
GCF_002708625.1	1340429	GCF_002708625.1	Rhimi1_1	Rhizopus microsporus ATCC 52813 (fungi)	58291	Rhizopus microsporus	GCA_002708625.1GCF_002708625.1identical	Eukaryota	Mucoromycota	Mucoromycetes	Mucorales	Rhizopodaceae	Rhizopus	Rhizopus microsporus
GCF_003344945.1	1341132	GCF_003344945.1	Aspwel1	Aspergillus welwitschiae (ascomycetes)	1341132	Aspergillus welwitschiae	GCA_003344945.1GCF_003344945.1identical	Eukaryota	Ascomycota	Eurotiomycetes	Eurotiales	Aspergillaceae	Aspergillus	Aspergillus welwitschiae
GCF_001661345.1	1344418	GCF_001661345.1	Ascru1	Ascoidea rubescens DSM 1968 (budding yeasts)	54195	Ascoidea rubescens	GCA_001661345.1GCF_001661345.1identical	Eukaryota	Ascomycota	Saccharomycetes	Saccharomycetales	Ascoideaceae	Ascoidea	Ascoidea rubescens
GCF_000803265.1	1354746	GCF_000803265.1	ASM80326v1	Ordospora colligata OC4 (microsporidians)	174685	Ordospora colligata	GCA_000803265.1GCF_000803265.1identical	Eukaryota	Microsporidia	NA	NA	Ordosporidae	Ordospora	Ordospora colligata
GCF_000497045.1	1365824	GCF_000497045.1	PSEUBRA1	Kalmanozyma brasiliensis GHG001 (smut fungi)	1392244	Kalmanozyma brasiliensis	GCA_000497045.1GCF_000497045.1identical	Eukaryota	Basidiomycota	Ustilaginomycetes	Ustilaginales	Ustilaginaceae	Kalmanozyma	Kalmanozyma brasiliensis
GCF_001651985.1	1367422	GCF_001651985.1	ASM165198v1	Fonsecaea erecta (ascomycetes)	1367422	Fonsecaea erecta	GCA_001651985.1GCF_001651985.1identical	Eukaryota	Ascomycota	Eurotiomycetes	Chaetothyriales	Herpotrichiellaceae	Fonsecaea	Fonsecaea erecta
GCF_001653235.2	1380566	GCF_001653235.2	ASM165323v2	Pochonia chlamydosporia 170 (ascomycetes)	280754	Pochonia chlamydosporia	GCA_001653235.2GCF_001653235.2identical	Eukaryota	Ascomycota	Sordariomycetes	Hypocreales	Clavicipitaceae	Pochonia	Pochonia chlamydosporia
GCF_000576695.1	1382522	GCF_000576695.1	AUH_PRJEB4427_v1	Kuraishia capsulata CBS 1993 (budding yeasts)	317047	Kuraishia capsulata	GCA_000576695.1GCF_000576695.1identical	Eukaryota	Ascomycota	Saccharomycetes	Saccharomycetales	NA	Kuraishia	Kuraishia capsulata
GCF_002847485.1	1392248	GCF_002847485.1	Aspcam1	Aspergillus campestris IBT 28561 (ascomycetes)	41068	Aspergillus campestris	GCA_002847485.1GCF_002847485.1identical	Eukaryota	Ascomycota	Eurotiomycetes	Eurotiales	Aspergillaceae	Aspergillus	Aspergillus campestris
GCF_002849105.1	1392250	GCF_002849105.1	Aspste1	Aspergillus steynii IBT 23096 (ascomycetes)	306088	Aspergillus steynii	GCA_002849105.1GCF_002849105.1identical	Eukaryota	Ascomycota	Eurotiomycetes	Eurotiales	Aspergillaceae	Aspergillus	Aspergillus steynii
GCF_002847465.1	1392255	GCF_002847465.1	Aspnov1	Aspergillus novofumigatus IBT 16806 (ascomycetes)	340412	Aspergillus novofumigatus	GCA_002847465.1GCF_002847465.1identical	Eukaryota	Ascomycota	Eurotiomycetes	Eurotiales	Aspergillaceae	Aspergillus	Aspergillus novofumigatus
GCF_000961545.1	1397361	GCF_000961545.1	S_schenckii_v1	Sporothrix schenckii 1099-18 (ascomycetes)	29908	Sporothrix schenckii	GCA_000961545.1GCF_000961545.1identical	Eukaryota	Ascomycota	Sordariomycetes	Ophiostomatales	Ophiostomataceae	Sporothrix	Sporothrix schenckii
GCF_003851025.1	139825	GCF_003851025.1	SCP_1.1	Sparassis crispa (basidiomycetes)	139825	Sparassis crispa	GCA_003851025.1GCF_003851025.1identical	Eukaryota	Basidiomycota	Agaricomycetes	Polyporales	Sparassidaceae	Sparassis	Sparassis crispa
GCF_000968595.1	1408163	GCF_000968595.1	ASM96859v1	Rasamsonia emersonii CBS 393.64 (ascomycetes)	68825	Rasamsonia emersonii	GCA_000968595.1GCF_000968595.1identical	Eukaryota	Ascomycota	Eurotiomycetes	Eurotiales	Trichocomaceae	Rasamsonia	Rasamsonia emersonii
GCF_001477535.1	1408657	GCF_001477535.1	Pneu_jiro_RU7_V2	Pneumocystis jirovecii RU7 (ascomycetes)	42068	Pneumocystis jirovecii	GCA_001477535.1GCF_001477535.1identical	Eukaryota	Ascomycota	Pneumocystidomycetes	Pneumocystidales	Pneumocystidaceae	Pneumocystis	Pneumocystis jirovecii
GCF_001477545.1	1408658	GCF_001477545.1	Pneu_cari_B80_V3	Pneumocystis carinii B80 (ascomycetes)	4754	Pneumocystis carinii	GCA_001477545.1GCF_001477545.1identical	Eukaryota	Ascomycota	Pneumocystidomycetes	Pneumocystidales	Pneumocystidaceae	Pneumocystis	Pneumocystis carinii
GCF_001907595.1	1441469	GCF_001907595.1	ASM190759v1	Talaromyces atroroseus (ascomycetes)	1441469	Talaromyces atroroseus	GCA_001907595.1GCF_001907595.1identical	Eukaryota	Ascomycota	Eurotiomycetes	Eurotiales	Trichocomaceae	Talaromyces	Talaromyces atroroseus
GCF_000835455.1	1442368	GCF_000835455.1	Fons_pedr_CBS_271_37_V1	Fonsecaea pedrosoi CBS 271.37 (ascomycetes)	40355	Fonsecaea pedrosoi	GCA_000835455.1GCF_000835455.1identical	Eukaryota	Ascomycota	Eurotiomycetes	Chaetothyriales	Herpotrichiellaceae	Fonsecaea	Fonsecaea pedrosoi
GCF_000835555.1	1442369	GCF_000835555.1	Rhin_mack_CBS_650_93_V1	Rhinocladiella mackenziei CBS 650.93 (ascomycetes)	86056	Rhinocladiella mackenziei	GCA_000835555.1GCF_000835555.1identical	Eukaryota	Ascomycota	Eurotiomycetes	Chaetothyriales	Herpotrichiellaceae	Rhinocladiella	Rhinocladiella mackenziei
GCF_000835475.1	1442370	GCF_000835475.1	Clad_bant_CBS_173_52_V1	Cladophialophora bantiana CBS 173.52 (ascomycetes)	89940	Cladophialophora bantiana	GCA_000835475.1GCF_000835475.1identical	Eukaryota	Ascomycota	Eurotiomycetes	Chaetothyriales	Herpotrichiellaceae	Cladophialophora	Cladophialophora bantiana
GCF_000836435.1	1442371	GCF_000836435.1	Fons_mult_CBS_102226_V1	Fonsecaea multimorphosa CBS 102226 (ascomycetes)	979981	Fonsecaea multimorphosa	GCA_000836435.1GCF_000836435.1identical	Eukaryota	Ascomycota	Eurotiomycetes	Chaetothyriales	Herpotrichiellaceae	Fonsecaea	Fonsecaea multimorphosa
GCF_003184625.1	1448310	GCF_003184625.1	Aspneo1	Aspergillus neoniger CBS 115656 (ascomycetes)	1196635	Aspergillus neoniger	GCA_003184625.1GCF_003184625.1identical	Eukaryota	Ascomycota	Eurotiomycetes	Eurotiales	Aspergillaceae	Aspergillus	Aspergillus neoniger
GCF_003184925.1	1448311	GCF_003184925.1	Aspvad1	Aspergillus vadensis CBS 113365 (ascomycetes)	288669	Aspergillus vadensis	GCA_003184925.1GCF_003184925.1identical	Eukaryota	Ascomycota	Eurotiomycetes	Eurotiales	Aspergillaceae	Aspergillus	Aspergillus vadensis
GCF_003184785.1	1448312	GCF_003184785.1	Aspjap1	Aspergillus japonicus CBS 114.51 (ascomycetes)	34381	Aspergillus japonicus	GCA_003184785.1GCF_003184785.1identical	Eukaryota	Ascomycota	Eurotiomycetes	Eurotiales	Aspergillaceae	Aspergillus	Aspergillus japonicus
GCF_003184755.1	1448313	GCF_003184755.1	Asppip1	Aspergillus piperis CBS 112811 (ascomycetes)	319630	Aspergillus piperis	GCA_003184755.1GCF_003184755.1identical	Eukaryota	Ascomycota	Eurotiomycetes	Eurotiales	Aspergillaceae	Aspergillus	Aspergillus piperis
GCF_003184535.1	1448314	GCF_003184535.1	Aspeuc1	Aspergillus eucalypticola CBS 122712 (ascomycetes)	1340029	Aspergillus eucalypticola	GCA_003184535.1GCF_003184535.1identical	Eukaryota	Ascomycota	Eurotiomycetes	Eurotiales	Aspergillaceae	Aspergillus	Aspergillus eucalypticola
GCF_003184745.1	1448315	GCF_003184745.1	Aspuva1	Aspergillus uvarum CBS 121591 (ascomycetes)	446911	Aspergillus uvarum	GCA_003184745.1GCF_003184745.1identical	Eukaryota	Ascomycota	Eurotiomycetes	Eurotiales	Aspergillaceae	Aspergillus	Aspergillus uvarum
GCF_003184845.1	1448316	GCF_003184845.1	Aspibe1	Aspergillus ibericus CBS 121593 (ascomycetes)	301854	Aspergillus ibericus	GCA_003184845.1GCF_003184845.1identical	Eukaryota	Ascomycota	Eurotiomycetes	Eurotiales	Aspergillaceae	Aspergillus	Aspergillus ibericus
GCF_003184835.1	1448317	GCF_003184835.1	Aspcos1	Aspergillus costaricaensis CBS 115574 (ascomycetes)	319631	Aspergillus costaricaensis	GCA_003184835.1GCF_003184835.1identical	Eukaryota	Ascomycota	Eurotiomycetes	Eurotiales	Aspergillaceae	Aspergillus	Aspergillus costaricaensis
GCF_003184545.1	1448321	GCF_003184545.1	Asphet1	Aspergillus heteromorphus CBS 117.55 (ascomycetes)	51019	Aspergillus heteromorphus	GCA_003184545.1GCF_003184545.1identical	Eukaryota	Ascomycota	Eurotiomycetes	Eurotiales	Aspergillaceae	Aspergillus	Aspergillus heteromorphus
GCF_003184765.1	1448322	GCF_003184765.1	Aspacu1	Aspergillus aculeatinus CBS 121060 (ascomycetes)	487661	Aspergillus aculeatinus	GCA_003184765.1GCF_003184765.1identical	Eukaryota	Ascomycota	Eurotiomycetes	Eurotiales	Aspergillaceae	Aspergillus	Aspergillus aculeatinus
GCF_003184595.1	1450533	GCF_003184595.1	Asplac1	Aspergillus lacticoffeatus CBS 101883 (ascomycetes)	5061	Aspergillus niger	GCA_003184595.1GCF_003184595.1identical	Eukaryota	Ascomycota	Eurotiomycetes	Eurotiales	Aspergillaceae	Aspergillus	Aspergillus niger
GCF_003184695.1	1450534	GCF_003184695.1	Aspbru1	Aspergillus brunneoviolaceus CBS 621.78 (ascomycetes)	1191711	Aspergillus brunneoviolaceus	GCA_003184695.1GCF_003184695.1identical	Eukaryota	Ascomycota	Eurotiomycetes	Eurotiales	Aspergillaceae	Aspergillus	Aspergillus brunneoviolaceus
GCF_003184525.1	1450535	GCF_003184525.1	Aspscl1	Aspergillus sclerotioniger CBS 115572 (ascomycetes)	319627	Aspergillus sclerotioniger	GCA_003184525.1GCF_003184525.1identical	Eukaryota	Ascomycota	Eurotiomycetes	Eurotiales	Aspergillaceae	Aspergillus	Aspergillus sclerotioniger
GCF_003184865.1	1450537	GCF_003184865.1	Asphom1	Aspergillus homomorphus CBS 101889 (ascomycetes)	319626	Aspergillus homomorphus	GCA_003184865.1GCF_003184865.1identical	Eukaryota	Ascomycota	Eurotiomycetes	Eurotiales	Aspergillaceae	Aspergillus	Aspergillus homomorphus
GCF_003184585.1	1450539	GCF_003184585.1	Aspsac1	Aspergillus saccharolyticus JOP 1030-1 (ascomycetes)	979771	Aspergillus saccharolyticus	GCA_003184585.1GCF_003184585.1identical	Eukaryota	Ascomycota	Eurotiomycetes	Eurotiales	Aspergillaceae	Aspergillus	Aspergillus saccharolyticus
GCF_001642045.1	1460663	GCF_001642045.1	Parsp1	Paraphaeosphaeria sporulosa (ascomycetes)	1460663	Paraphaeosphaeria sporulosa	GCA_001642045.1GCF_001642045.1identical	Eukaryota	Ascomycota	Dothideomycetes	Pleosporales	Didymosphaeriaceae	Paraphaeosphaeria	Paraphaeosphaeria sporulosa
GCF_000760515.1	1485682	GCF_000760515.1	UGP1.0	Mitosporidium daphniae (microsporidians)	1485682	Mitosporidium daphniae	GCA_000760515.1GCF_000760515.1identical	Eukaryota	Microsporidia	NA	NA	NA	Mitosporidium	Mitosporidium daphniae
GCF_001500285.1	149040	GCF_001500285.1	Phisc1	Phialocephala scopiformis (ascomycetes)	149040	Phialocephala scopiformis	GCA_001500285.1GCF_001500285.1identical	Eukaryota	Ascomycota	Leotiomycetes	Helotiales	NA	Phialocephala	Phialocephala scopiformis
GCF_001204775.1	1509407	GCF_001204775.1	ASM120477v1	Aspergillus nomius NRRL 13137 (ascomycetes)	41061	Aspergillus nomius	GCA_001204775.1GCF_001204775.1identical	Eukaryota	Ascomycota	Eurotiomycetes	Eurotiales	Aspergillaceae	Aspergillus	Aspergillus nomius
GCF_003144195.1	1522189	GCF_003144195.1	Cersp1	Ceraceosorus guamensis (basidiomycetes)	1522189	Ceraceosorus guamensis	GCA_003144195.1GCF_003144195.1identical	Eukaryota	Basidiomycota	Exobasidiomycetes	Ceraceosorales	Ceraceosoraceae	Ceraceosorus	Ceraceosorus guamensis
GCF_004154835.1	156630	GCF_004154835.1	ASM415483v1	Alternaria arborescens (ascomycetes)	156630	Alternaria arborescens	GCA_004154835.1GCF_004154835.1identical	Eukaryota	Ascomycota	Dothideomycetes	Pleosporales	Pleosporaceae	Alternaria	Alternaria arborescens
GCF_003144245.1	1569628	GCF_003144245.1	Jamsp1	Jaminaea rosea (basidiomycetes)	1569628	Jaminaea rosea	GCA_003144245.1GCF_003144245.1identical	Eukaryota	Basidiomycota	Exobasidiomycetes	Microstromatales	NA	Jaminaea	Jaminaea rosea
GCF_004337985.1	1578925	GCF_004337985.1	ASM433798v1	Pyricularia pennisetigena (ascomycetes)	1578925	Pyricularia pennisetigena	GCA_004337985.1GCF_004337985.1identical	Eukaryota	Ascomycota	Sordariomycetes	Magnaporthales	Pyriculariaceae	Pyricularia	Pyricularia pennisetigena
GCF_001299255.1	1664694	GCF_001299255.1	ASM129925v1	Phialophora attae (ascomycetes)	1664694	Phialophora attae	GCA_001299255.1GCF_001299255.1identical	Eukaryota	Ascomycota	Eurotiomycetes	Chaetothyriales	Herpotrichiellaceae	Phialophora	Phialophora attae
GCF_003144135.1	1684307	GCF_003144135.1	Rhodsp1	Pseudomicrostroma glucosiphilum (basidiomycetes)	1684307	Pseudomicrostroma glucosiphilum	GCA_003144135.1GCF_003144135.1identical	Eukaryota	Basidiomycota	Exobasidiomycetes	Microstromatales	NA	Pseudomicrostroma	Pseudomicrostroma glucosiphilum
GCF_003369625.1	1810919	GCF_003369625.1	ASM336962v1	Aspergillus mulundensis (ascomycetes)	1810919	Aspergillus mulundensis	GCA_003369625.1GCF_003369625.1identical	Eukaryota	Ascomycota	Eurotiomycetes	Eurotiales	Aspergillaceae	Aspergillus	Aspergillus mulundensis
GCF_001773325.1	1835702	GCF_001773325.1	ASM177332v1	Penicillium arizonense (ascomycetes)	1835702	Penicillium arizonense	GCA_001773325.1GCF_001773325.1identical	Eukaryota	Ascomycota	Eurotiomycetes	Eurotiales	Aspergillaceae	Penicillium	Penicillium arizonense
GCF_000836275.1	212818	GCF_000836275.1	Exop_meso_CBS40295_V1	Exophiala mesophila (ascomycetes)	212818	Exophiala mesophila	GCA_000836275.1GCF_000836275.1identical	Eukaryota	Ascomycota	Eurotiomycetes	Chaetothyriales	Herpotrichiellaceae	Exophiala	Exophiala mesophila
GCF_000091045.1	214684	GCF_000091045.1	ASM9104v1	Cryptococcus neoformans var. neoformans JEC21 (basidiomycetes)	5207	Cryptococcus neoformans	GCA_000091045.1GCF_000091045.1identical	Eukaryota	Basidiomycota	Tremellomycetes	Tremellales	Cryptococcaceae	Cryptococcus	Cryptococcus neoformans
GCF_000835515.1	215243	GCF_000835515.1	Exop_olig_CBS72588_V1	Exophiala oligosperma (ascomycetes)	215243	Exophiala oligosperma	GCA_000835515.1GCF_000835515.1identical	Eukaryota	Ascomycota	Eurotiomycetes	Chaetothyriales	Herpotrichiellaceae	Exophiala	Exophiala oligosperma
GCF_003144295.1	215250	GCF_003144295.1	Acain1	Acaromyces ingoldii (basidiomycetes)	215250	Acaromyces ingoldii	GCA_003144295.1GCF_003144295.1identical	Eukaryota	Basidiomycota	Exobasidiomycetes	Exobasidiales	Cryptobasidiaceae	Acaromyces	Acaromyces ingoldii
GCF_000151335.2	222929	GCF_000151335.2	JCVI-cpa1-1.0	Coccidioides posadasii C735 delta SOWgp (ascomycetes)	199306	Coccidioides posadasii	GCA_000151335.1GCF_000151335.2identical	Eukaryota	Ascomycota	Eurotiomycetes	Onygenales	NA	Coccidioides	Coccidioides posadasii
GCF_000149205.2	227321	GCF_000149205.1	ASM14920v2	Aspergillus nidulans FGSC A4 (ascomycetes)	162425	Aspergillus nidulans	GCA_000149205.2GCF_000149205.2identical	Eukaryota	Ascomycota	Eurotiomycetes	Eurotiales	Aspergillaceae	Aspergillus	Aspergillus nidulans
GCF_000240135.3	229533	GCF_000240135.3	ASM24013v3	Fusarium graminearum PH-1 (ascomycetes)	5518	Fusarium graminearum	GCA_000240135.3GCF_000240135.3different	Eukaryota	Ascomycota	Sordariomycetes	Hypocreales	Nectriaceae	Fusarium	Fusarium graminearum
GCF_000149245.1	235443	GCF_000149245.1	CNA3	Cryptococcus neoformans var. grubii H99 (basidiomycetes)	5207	Cryptococcus neoformans	GCA_000149245.3GCF_000149245.1identical	Eukaryota	Basidiomycota	Tremellomycetes	Tremellales	Cryptococcaceae	Cryptococcus	Cryptococcus neoformans
GCF_001883845.1	236234	GCF_001883845.1	ASM188384v1	Diplodia corticola (ascomycetes)	236234	Diplodia corticola	GCA_001883845.1GCF_001883845.1identical	Eukaryota	Ascomycota	Dothideomycetes	Botryosphaeriales	Botryosphaeriaceae	Diplodia	Diplodia corticola
GCF_000182965.3	237561	GCF_000182965.3	ASM18296v3	Candida albicans SC5314 (budding yeasts)	5476	Candida albicans	GCA_000182965.3GCF_000182965.3identical	Eukaryota	Ascomycota	Saccharomycetes	Saccharomycetales	Debaryomycetaceae	Candida	Candida albicans
GCF_000328475.2	237631	GCF_000328475.2	Umaydis521_2.0	Ustilago maydis 521 (smut fungi)	5270	Ustilago maydis	GCA_000328475.2GCF_000328475.2identical	Eukaryota	Basidiomycota	Ustilaginomycetes	Ustilaginales	Ustilaginaceae	Ustilago	Ustilago maydis
GCF_000182895.1	240176	GCF_000182895.1	CC3	Coprinopsis cinerea okayama7#130 (basidiomycetes)	5346	Coprinopsis cinerea	GCA_000182895.1GCF_000182895.1identical	Eukaryota	Basidiomycota	Agaricomycetes	Agaricales	Psathyrellaceae	Coprinopsis	Coprinopsis cinerea
GCF_000002495.2	242507	GCF_000002495.2	MG8	Pyricularia oryzae 70-15 (rice blast fungus)	318829	Pyricularia oryzae	GCA_000002495.2GCF_000002495.2identical	Eukaryota	Ascomycota	Sordariomycetes	Magnaporthales	Pyriculariaceae	Pyricularia	Pyricularia oryzae
GCF_000149335.2	246410	GCF_000149335.2	ASM14933v2	Coccidioides immitis RS (ascomycetes)	5501	Coccidioides immitis	GCA_000149335.2GCF_000149335.2identical	Eukaryota	Ascomycota	Eurotiomycetes	Onygenales	NA	Coccidioides	Coccidioides immitis
GCF_000836295.1	253628	GCF_000836295.1	O_gall_CBS43764	Verruconis gallopava (ascomycetes)	253628	Verruconis gallopava	GCA_000836295.1GCF_000836295.1identical	Eukaryota	Ascomycota	Dothideomycetes	Venturiales	Sympoventuriaceae	Verruconis	Verruconis gallopava
GCF_001642475.1	254056	GCF_001642475.1	ASM164247v1	Fonsecaea monophora (ascomycetes)	254056	Fonsecaea monophora	GCA_001642475.1GCF_001642475.1identical	Eukaryota	Ascomycota	Eurotiomycetes	Chaetothyriales	Herpotrichiellaceae	Fonsecaea	Fonsecaea monophora
GCF_004022145.1	264951	GCF_004022145.1	Paevar1	Byssochlamys spectabilis (ascomycetes)	264951	Byssochlamys spectabilis	GCA_004022145.1GCF_004022145.1identical	Eukaryota	Ascomycota	Eurotiomycetes	Eurotiales	Thermoascaceae	Byssochlamys	Byssochlamys spectabilis
GCF_000769745.1	27334	GCF_000769745.1	ASM76974v1	Penicillium expansum (ascomycetes)	27334	Penicillium expansum	GCA_000769745.1GCF_000769745.1identical	Eukaryota	Ascomycota	Eurotiomycetes	Eurotiales	Aspergillaceae	Penicillium	Penicillium expansum
GCF_005498985.1	280036	GCF_005498985.1	PGRAM_IIB_1.0	Sporisorium graminicola (smut fungi)	280036	Sporisorium graminicola	GCA_005498985.1GCF_005498985.1identical	Eukaryota	Basidiomycota	Ustilaginomycetes	Ustilaginales	Ustilaginaceae	Sporisorium	Sporisorium graminicola
GCF_000149385.1	283643	GCF_000149385.1	ASM14938v1	Cryptococcus neoformans var. neoformans B-3501A (basidiomycetes)	5207	Cryptococcus neoformans	GCA_000149385.1GCF_000149385.1identical	Eukaryota	Basidiomycota	Tremellomycetes	Tremellales	Cryptococcaceae	Cryptococcus	Cryptococcus neoformans
GCF_000002525.2	284591	GCF_000002525.2	ASM252v1	Yarrowia lipolytica CLIB122 (budding yeasts)	4952	Yarrowia lipolytica	GCA_000002525.1GCF_000002525.2different	Eukaryota	Ascomycota	Saccharomycetes	Saccharomycetales	Dipodascaceae	Yarrowia	Yarrowia lipolytica
GCF_000006445.2	284592	GCF_000006445.2	ASM644v2	Debaryomyces hansenii CBS767 (budding yeasts)	4959	Debaryomyces hansenii	GCA_000006445.2GCF_000006445.2different	Eukaryota	Ascomycota	Saccharomycetes	Saccharomycetales	Debaryomycetaceae	Debaryomyces	Debaryomyces hansenii
GCF_000091025.4	284811	GCF_000091025.4	ASM9102v4	Eremothecium gossypii ATCC 10895 (budding yeasts)	33169	Eremothecium gossypii	GCA_000091025.4GCF_000091025.4identical	Eukaryota	Ascomycota	Saccharomycetes	Saccharomycetales	Saccharomycetaceae	Eremothecium	Eremothecium gossypii
GCF_000091225.1	284813	GCF_000091225.1	ASM9122v1	Encephalitozoon cuniculi GB-M1 (microsporidians)	6035	Encephalitozoon cuniculi	GCA_000091225.1GCF_000091225.1identical	Eukaryota	Microsporidia	NA	NA	Unikaryonidae	Encephalitozoon	Encephalitozoon cuniculi
GCF_000002515.2	28985	GCF_000002515.2	ASM251v1	Kluyveromyces lactis (budding yeasts)	28985	Kluyveromyces lactis	GCA_000002515.1GCF_000002515.2different	Eukaryota	Ascomycota	Saccharomycetes	Saccharomycetales	Saccharomycetaceae	Kluyveromyces	Kluyveromyces lactis
GCF_000149425.1	294746	GCF_000149425.1	ASM14942v1	Meyerozyma guilliermondii ATCC 6260 (budding yeasts)	4929	Meyerozyma guilliermondii	GCA_000149425.1GCF_000149425.1identical	Eukaryota	Ascomycota	Saccharomycetes	Saccharomycetales	Debaryomycetaceae	Meyerozyma	Meyerozyma guilliermondii
GCF_000006335.3	294747	GCF_000006335.3	ASM633v3	Candida tropicalis MYA-3404 (budding yeasts)	5482	Candida tropicalis	GCA_000006335.3GCF_000006335.3identical	Eukaryota	Ascomycota	Saccharomycetes	Saccharomycetales	Debaryomycetaceae	Candida	Candida tropicalis
GCF_000143365.1	306901	GCF_000143365.1	ASM14336v1	Chaetomium globosum CBS 148.51 (ascomycetes)	38033	Chaetomium globosum	GCA_000143365.1GCF_000143365.1identical	Eukaryota	Ascomycota	Sordariomycetes	Sordariales	Chaetomiaceae	Chaetomium	Chaetomium globosum
GCF_000003835.1	306902	GCF_000003835.1	ASM383v1	Clavispora lusitaniae ATCC 42720 (budding yeasts)	36911	Clavispora lusitaniae	GCA_000003835.1GCF_000003835.1identical	Eukaryota	Ascomycota	Saccharomycetes	Saccharomycetales	Metschnikowiaceae	Clavispora	Clavispora lusitaniae
GCF_000146915.1	321614	GCF_000146915.1	ASM14691v2	Parastagonospora nodorum SN15 (ascomycetes)	13684	Parastagonospora nodorum	GCA_000146915.2GCF_000146915.1identical	Eukaryota	Ascomycota	Dothideomycetes	Pleosporales	Phaeosphaeriaceae	Parastagonospora	Parastagonospora nodorum
GCF_000209165.1	322104	GCF_000209165.1	ASM20916v1	Scheffersomyces stipitis CBS 6054 (budding yeasts)	4924	Scheffersomyces stipitis	GCA_000209165.1GCF_000209165.1identical	Eukaryota	Ascomycota	Saccharomycetes	Saccharomycetales	Debaryomycetaceae	Scheffersomyces	Scheffersomyces stipitis
GCF_000002655.1	330879	GCF_000002655.1	ASM265v1	Aspergillus fumigatus Af293 (ascomycetes)	746128	Aspergillus fumigatus	GCA_000002655.1GCF_000002655.1identical	Eukaryota	Ascomycota	Eurotiomycetes	Eurotiales	Aspergillaceae	Aspergillus	Aspergillus fumigatus
GCF_000149645.1	331117	GCF_000149645.1	ASM14964v1	Aspergillus fischeri NRRL 181 (ascomycetes)	36630	Aspergillus fischeri	GCA_000149645.2GCF_000149645.1identical	Eukaryota	Ascomycota	Eurotiomycetes	Eurotiales	Aspergillaceae	Aspergillus	Aspergillus fischeri
GCF_001653265.1	33203	GCF_001653265.1	ASM165326v1	Purpureocillium lilacinum (ascomycetes)	33203	Purpureocillium lilacinum	GCA_001653265.1GCF_001653265.1identical	Eukaryota	Ascomycota	Sordariomycetes	Hypocreales	Ophiocordycipitaceae	Purpureocillium	Purpureocillium lilacinum
GCF_000143535.2	332648	GCF_000143535.2	ASM14353v4	Botrytis cinerea B05.10 (ascomycetes)	40559	Botrytis cinerea	GCA_000143535.4GCF_000143535.2identical	Eukaryota	Ascomycota	Leotiomycetes	Helotiales	Sclerotiniaceae	Botrytis	Botrytis cinerea
GCF_000006275.2	332952	GCF_000006275.2	JCVI-afl1-v2.0	Aspergillus flavus NRRL3357 (ascomycetes)	5059	Aspergillus flavus	GCA_000006275.2GCF_000006275.2identical	Eukaryota	Ascomycota	Eurotiomycetes	Eurotiales	Aspergillaceae	Aspergillus	Aspergillus flavus
GCF_000149555.1	334819	GCF_000149555.1	ASM14955v1	Fusarium verticillioides 7600 (ascomycetes)	117187	Fusarium verticillioides	GCA_000149555.1GCF_000149555.1different	Eukaryota	Ascomycota	Sordariomycetes	Hypocreales	Nectriaceae	Fusarium	Fusarium verticillioides
GCF_000219625.1	336722	GCF_000219625.1	MYCGR v2.0	Zymoseptoria tritici IPO323 (ascomycetes)	1047171	Zymoseptoria tritici	GCA_000219625.1GCF_000219625.1identical	Eukaryota	Ascomycota	Dothideomycetes	Capnodiales	Mycosphaerellaceae	Zymoseptoria	Zymoseptoria tritici
GCF_000003515.1	336963	GCF_000003515.1	ASM351v2	Uncinocarpus reesii 1704 (ascomycetes)	33188	Uncinocarpus reesii	GCA_000003515.2GCF_000003515.1identical	Eukaryota	Ascomycota	Eurotiomycetes	Onygenales	Onygenaceae	Uncinocarpus	Uncinocarpus reesii
GCF_000149585.1	339724	GCF_000149585.1	ASM14958v1	Histoplasma capsulatum NAm1 (ascomycetes)	5037	Histoplasma capsulatum	GCA_000149585.1GCF_000149585.1identical	Eukaryota	Ascomycota	Eurotiomycetes	Onygenales	Ajellomycetaceae	Histoplasma	Histoplasma capsulatum
GCF_000149615.1	341663	GCF_000149615.1	ASM14961v1	Aspergillus terreus NIH2624 (ascomycetes)	33178	Aspergillus terreus	GCA_000149615.1GCF_000149615.1identical	Eukaryota	Ascomycota	Eurotiomycetes	Eurotiales	Aspergillaceae	Aspergillus	Aspergillus terreus
GCF_001662655.1	342668	GCF_001662655.1	ASM166265v1	Pseudogymnoascus verrucosus (ascomycetes)	342668	Pseudogymnoascus verrucosus	GCA_001662655.1GCF_001662655.1identical	Eukaryota	Ascomycota	Leotiomycetes	NA	Pseudeurotiaceae	Pseudogymnoascus	Pseudogymnoascus verrucosus
GCF_000002715.2	344612	GCF_000002715.2	ASM271v1	Aspergillus clavatus NRRL 1 (ascomycetes)	5057	Aspergillus clavatus	GCA_000002715.1GCF_000002715.2identical	Eukaryota	Ascomycota	Eurotiomycetes	Eurotiales	Aspergillaceae	Aspergillus	Aspergillus clavatus
GCF_000835505.1	348802	GCF_000835505.1	Exop_xeno_CBS118157_V1	Exophiala xenobiotica (ascomycetes)	348802	Exophiala xenobiotica	GCA_000835505.1GCF_000835505.1identical	Eukaryota	Ascomycota	Eurotiomycetes	Chaetothyriales	Herpotrichiellaceae	Exophiala	Exophiala xenobiotica
GCF_000182925.2	367110	GCF_000182925.2	NC12	Neurospora crassa OR74A (ascomycetes)	5141	Neurospora crassa	GCA_000182925.2GCF_000182925.2identical	Eukaryota	Ascomycota	Sordariomycetes	Sordariales	Sordariaceae	Neurospora	Neurospora crassa
GCF_000185945.1	367775	GCF_000185945.1	ASM18594v1	Cryptococcus gattii WM276 (basidiomycetes)	37769	Cryptococcus gattii VGI	GCA_000185945.1GCF_000185945.1identical	Eukaryota	Basidiomycota	Tremellomycetes	Tremellales	Cryptococcaceae	Cryptococcus	Cryptococcus gattii VGI
GCF_000149685.1	379508	GCF_000149685.1	ASM14968v1	Lodderomyces elongisporus NRRL YB-4239 (budding yeasts)	36914	Lodderomyces elongisporus	GCA_000149685.1GCF_000149685.1identical	Eukaryota	Ascomycota	Saccharomycetes	Saccharomycetales	Debaryomycetaceae	Lodderomyces	Lodderomyces elongisporus
GCF_000340215.1	383855	GCF_000340215.1	Mycfi2	Pseudocercospora fijiensis CIRAD86 (ascomycetes)	1873960	Pseudocercospora fijiensis	GCA_000340215.1GCF_000340215.1identical	Eukaryota	Ascomycota	Dothideomycetes	Capnodiales	Mycosphaerellaceae	Pseudocercospora	Pseudocercospora fijiensis
GCF_000151645.1	39416	GCF_000151645.1	ASM15164v1	Tuber melanosporum (Perigord truffle)	39416	Tuber melanosporum	GCA_000151645.1GCF_000151645.1identical	Eukaryota	Ascomycota	Pezizomycetes	Pezizales	Tuberaceae	Tuber	Tuber melanosporum
GCF_001481775.2	398673	GCF_001481775.2	TGAM01v2	Trichoderma gamsii (ascomycetes)	398673	Trichoderma gamsii	GCA_001481775.2GCF_001481775.2identical	Eukaryota	Ascomycota	Sordariomycetes	Hypocreales	Hypocreaceae	Trichoderma	Trichoderma gamsii
GCF_000149845.2	402676	GCF_000149845.2	SJ5	Schizosaccharomyces japonicus yFS275 (ascomycetes)	4897	Schizosaccharomyces japonicus	GCA_000149845.2GCF_000149845.2identical	Eukaryota	Ascomycota	Schizosaccharomycetes	Schizosaccharomycetales	Schizosaccharomycetaceae	Schizosaccharomyces	Schizosaccharomyces japonicus
GCF_000988165.1	40302	GCF_000988165.1	ASM98816v1	Nosema ceranae (microsporidians)	40302	Nosema ceranae	GCA_000988165.1GCF_000988165.1identical	Eukaryota	Microsporidia	NA	NA	Nosematidae	Nosema	Nosema ceranae
GCF_002237265.1	41047	GCF_002237265.1	ASM223726v2	Aspergillus thermomutatus (ascomycetes)	41047	Aspergillus thermomutatus	GCA_002237265.2GCF_002237265.1identical	Eukaryota	Ascomycota	Eurotiomycetes	Eurotiales	Aspergillaceae	Aspergillus	Aspergillus thermomutatus
GCF_002847045.1	41067	GCF_002847045.1	Aspcand1	Aspergillus candidus (ascomycetes)	41067	Aspergillus candidus	GCA_002847045.1GCF_002847045.1identical	Eukaryota	Ascomycota	Eurotiomycetes	Eurotiales	Aspergillaceae	Aspergillus	Aspergillus candidus
GCF_000170995.1	413071	GCF_000170995.1	TRIVI v2.0	Trichoderma virens Gv29-8 (ascomycetes)	29875	Trichoderma virens	GCA_000170995.2GCF_000170995.1identical	Eukaryota	Ascomycota	Sordariomycetes	Hypocreales	Hypocreaceae	Trichoderma	Trichoderma virens
GCF_000149925.1	418459	GCF_000149925.1	ASM14992v1	Puccinia graminis f. sp. tritici CRL 75-36-700-3 (rust fungi)	5297	Puccinia graminis	GCA_000149925.1GCF_000149925.1identical	Eukaryota	Basidiomycota	Pucciniomycetes	Pucciniales	Pucciniaceae	Puccinia	Puccinia graminis
GCF_003013735.1	418784	GCF_003013735.1	Cand_pseudohaemulonii_B12108	[Candida] pseudohaemulonis (budding yeasts)	418784	[Candida] pseudohaemulonis	GCA_003013735.1GCF_003013735.1identical	Eukaryota	Ascomycota	Saccharomycetes	Saccharomycetales	Metschnikowiaceae	Clavispora	[Candida] pseudohaemulonis
GCF_000181695.1	425265	GCF_000181695.1	ASM18169v1	Malassezia globosa CBS 7966 (basidiomycetes)	76773	Malassezia globosa	GCA_000181695.1GCF_000181695.1identical	Eukaryota	Basidiomycota	Malasseziomycetes	Malasseziales	Malasseziaceae	Malassezia	Malassezia globosa
GCF_000149985.1	426418	GCF_000149985.1	ASM14998v1	Pyrenophora tritici-repentis Pt-1C-BFP (ascomycetes)	45151	Pyrenophora tritici-repentis	GCA_000149985.1GCF_000149985.1identical	Eukaryota	Ascomycota	Dothideomycetes	Pleosporales	Pleosporaceae	Pyrenophora	Pyrenophora tritici-repentis
GCF_000149955.1	426428	GCF_000149955.1	ASM14995v2	Fusarium oxysporum f. sp. lycopersici 4287 (ascomycetes)	5507	Fusarium oxysporum	GCA_000149955.2GCF_000149955.1different	Eukaryota	Ascomycota	Sordariomycetes	Hypocreales	Nectriaceae	Fusarium	Fusarium oxysporum
GCF_000167675.1	431241	GCF_000167675.1	v2.0	Trichoderma reesei QM6a (ascomycetes)	51453	Trichoderma reesei	GCA_000167675.2GCF_000167675.1identical	Eukaryota	Ascomycota	Sordariomycetes	Hypocreales	Hypocreaceae	Trichoderma	Trichoderma reesei
GCF_000150035.1	436907	GCF_000150035.1	ASM15003v1	Vanderwaltozyma polyspora DSM 70294 (budding yeasts)	36033	Vanderwaltozyma polyspora	GCA_000150035.1GCF_000150035.1identical	Eukaryota	Ascomycota	Saccharomycetes	Saccharomycetales	Saccharomycetaceae	Vanderwaltozyma	Vanderwaltozyma polyspora
GCF_000003125.1	441959	GCF_000003125.1	JCVI-TSTA1-3.0	Talaromyces stipitatus ATCC 10500 (ascomycetes)	28564	Talaromyces stipitatus	GCA_000003125.1GCF_000003125.1identical	Eukaryota	Ascomycota	Eurotiomycetes	Eurotiales	Trichocomaceae	Talaromyces	Talaromyces stipitatus
GCF_000001985.1	441960	GCF_000001985.1	JCVI-PMFA1-2.0	Talaromyces marneffei ATCC 18224 (ascomycetes)	37727	Talaromyces marneffei	GCA_000001985.1GCF_000001985.1identical	Eukaryota	Ascomycota	Eurotiomycetes	Eurotiales	Trichocomaceae	Talaromyces	Talaromyces marneffei
GCF_000171015.1	452589	GCF_000171015.1	TRIAT v2.0	Trichoderma atroviride IMI 206040 (ascomycetes)	63577	Trichoderma atroviride	GCA_000171015.2GCF_000171015.1identical	Eukaryota	Ascomycota	Sordariomycetes	Hypocreales	Hypocreaceae	Trichoderma	Trichoderma atroviride
GCF_001548555.1	45286	GCF_001548555.1	ASM154855v1	Eremothecium sinecaudum (budding yeasts)	45286	Eremothecium sinecaudum	GCA_001548555.1GCF_001548555.1different	Eukaryota	Ascomycota	Saccharomycetes	Saccharomycetales	Saccharomycetaceae	Eremothecium	Eremothecium sinecaudum
GCF_002926055.2	45357	GCF_002926055.1	CanHae_1.0	[Candida] haemulonis (budding yeasts)	45357	[Candida] haemulonis	GCA_002926055.1GCF_002926055.2identical	Eukaryota	Ascomycota	Saccharomycetes	Saccharomycetales	Metschnikowiaceae	Clavispora	[Candida] haemulonis
GCF_002251995.1	45607	GCF_002251995.1	ASM225199v2	Wickerhamiella sorbophila (budding yeasts)	45607	Wickerhamiella sorbophila	GCA_002251995.2GCF_002251995.1identical	Eukaryota	Ascomycota	Saccharomycetes	Saccharomycetales	Trichomonascaceae	Wickerhamiella	Wickerhamiella sorbophila
GCF_001664045.1	460523	GCF_001664045.1	Hanpo2	Ogataea polymorpha (budding yeasts)	460523	Ogataea polymorpha	GCA_001664045.1GCF_001664045.1identical	Eukaryota	Ascomycota	Saccharomycetes	Saccharomycetales	Pichiaceae	Ogataea	Ogataea polymorpha
GCF_000150505.1	483514	GCF_000150505.1	SO6	Schizosaccharomyces octosporus yFS286 (ascomycetes)	4899	Schizosaccharomyces octosporus	GCA_000150505.2GCF_000150505.1identical	Eukaryota	Ascomycota	Schizosaccharomycetes	Schizosaccharomycetales	Schizosaccharomycetaceae	Schizosaccharomyces	Schizosaccharomyces octosporus
GCF_000143565.1	486041	GCF_000143565.1	V1.0	Laccaria bicolor S238N-H82 (basidiomycetes)	29883	Laccaria bicolor	GCA_000143565.1GCF_000143565.1identical	Eukaryota	Basidiomycota	Agaricomycetes	Agaricales	Tricholomataceae	Laccaria	Laccaria bicolor
GCF_000002945.1	4896	GCF_000002945.1	ASM294v2	Schizosaccharomyces pombe (fission yeast)	4896	Schizosaccharomyces pombe	GCA_000002945.2GCF_000002945.1identical	Eukaryota	Ascomycota	Schizosaccharomycetes	Schizosaccharomycetales	Schizosaccharomycetaceae	Schizosaccharomyces	Schizosaccharomyces pombe
GCF_003054445.1	4909	GCF_003054445.1	ASM305444v1	Pichia kudriavzevii (budding yeasts)	4909	Pichia kudriavzevii	GCA_003054445.1GCF_003054445.1different	Eukaryota	Ascomycota	Saccharomycetes	Saccharomycetales	Pichiaceae	Pichia	Pichia kudriavzevii
GCF_000243375.1	4950	GCF_000243375.1	ASM24337v1	Torulaspora delbrueckii (budding yeasts)	4950	Torulaspora delbrueckii	GCA_000243375.1GCF_000243375.1identical	Eukaryota	Ascomycota	Saccharomycetes	Saccharomycetales	Saccharomycetaceae	Torulaspora	Torulaspora delbrueckii
GCF_000026365.1	4956	GCF_000026365.1	ASM2636v1	Zygosaccharomyces rouxii (budding yeasts)	4956	Zygosaccharomyces rouxii	GCA_000026365.1GCF_000026365.1identical	Eukaryota	Ascomycota	Saccharomycetes	Saccharomycetales	Saccharomycetaceae	Zygosaccharomyces	Zygosaccharomyces rouxii
GCF_002775015.1	498019	GCF_002775015.1	Cand_auris_B11221_V1	[Candida] auris (budding yeasts)	498019	[Candida] auris	GCA_002775015.1GCF_002775015.1identical	Eukaryota	Ascomycota	Saccharomycetes	Saccharomycetales	Metschnikowiaceae	Clavispora	[Candida] auris
GCF_000150675.1	498257	GCF_000150675.1	ASM15067v2	Verticillium dahliae VdLs.17 (ascomycetes)	27337	Verticillium dahliae	GCA_000150675.2GCF_000150675.1identical	Eukaryota	Ascomycota	Sordariomycetes	Glomerellales	Plectosphaerellaceae	Verticillium	Verticillium dahliae
GCF_002102565.1	4999	GCF_002102565.1	Kocim1	Kockovaella imperatae (basidiomycetes)	4999	Kockovaella imperatae	GCA_002102565.1GCF_002102565.1identical	Eukaryota	Basidiomycota	Tremellomycetes	Tremellales	Cuniculitremaceae	Kockovaella	Kockovaella imperatae
GCF_000226395.1	500485	GCF_000226395.1	PenChr_Nov2007	Penicillium rubens Wisconsin 54-1255 (ascomycetes)	1108849	Penicillium rubens	GCA_000226395.1GCF_000226395.1identical	Eukaryota	Ascomycota	Eurotiomycetes	Eurotiales	Aspergillaceae	Penicillium	Penicillium rubens
GCF_000150705.2	502779	GCF_000150705.2	Paracocci_br_Pb01_V2	Paracoccidioides lutzii Pb01 (ascomycetes)	1048829	Paracoccidioides lutzii	GCA_000150705.2GCF_000150705.2identical	Eukaryota	Ascomycota	Eurotiomycetes	Onygenales	NA	Paracoccidioides	Paracoccidioides lutzii
GCF_000150735.1	502780	GCF_000150735.1	Paracocci_br_Pb18_V2	Paracoccidioides brasiliensis Pb18 (ascomycetes)	121759	Paracoccidioides brasiliensis	GCA_000150735.2GCF_000150735.1identical	Eukaryota	Ascomycota	Eurotiomycetes	Onygenales	NA	Paracoccidioides	Paracoccidioides brasiliensis
GCF_000002855.3	5061	GCF_000002855.3	ASM285v2	Aspergillus niger (ascomycetes)	5061	Aspergillus niger	GCA_000002855.2GCF_000002855.3different	Eukaryota	Ascomycota	Eurotiomycetes	Eurotiales	Aspergillaceae	Aspergillus	Aspergillus niger
GCF_000184455.2	510516	GCF_000184455.2	ASM18445v3	Aspergillus oryzae RIB40 (ascomycetes)	5062	Aspergillus oryzae	GCA_000184455.3GCF_000184455.2identical	Eukaryota	Ascomycota	Eurotiomycetes	Eurotiales	Aspergillaceae	Aspergillus	Aspergillus oryzae
GCF_000213175.1	510951	GCF_000213175.1	v2.0	Neurospora tetrasperma FGSC 2508 (ascomycetes)	40127	Neurospora tetrasperma	GCA_000213175.1GCF_000213175.1identical	Eukaryota	Ascomycota	Sordariomycetes	Sordariales	Sordariaceae	Neurospora	Neurospora tetrasperma
GCF_000226545.1	515849	GCF_000226545.1	ASM22654v1	Podospora anserina S mat+ (ascomycetes)	5145	Podospora anserina	GCA_000226545.1GCF_000226545.1identical	Eukaryota	Ascomycota	Sordariomycetes	Sordariales	Lasiosphaeriaceae	Podospora	Podospora anserina
GCF_000150825.1	526221	GCF_000150825.1	ASM15082v1	Verticillium alfalfae VaMs.102 (ascomycetes)	1051613	Verticillium alfalfae	GCA_000150825.1GCF_000150825.1identical	Eukaryota	Ascomycota	Sordariomycetes	Glomerellales	Plectosphaerellaceae	Verticillium	Verticillium alfalfae
GCF_000150975.2	535722	GCF_000150975.1	MS_CBS118893	Nannizzia gypsea CBS 118893 (ascomycetes)	63402	Nannizzia gypsea	GCA_000150975.2GCF_000150975.2identical	Eukaryota	Ascomycota	Eurotiomycetes	Onygenales	Arthrodermataceae	Nannizzia	Nannizzia gypsea
GCF_000002545.3	5478	GCF_000002545.3	ASM254v2	[Candida] glabrata (budding yeasts)	5478	[Candida] glabrata	GCA_000002545.2GCF_000002545.3different	Eukaryota	Ascomycota	Saccharomycetes	Saccharomycetales	Saccharomycetaceae	Nakaseomyces	[Candida] glabrata
GCF_003327735.1	5486	GCF_003327735.1	ASM332773v1	Candida viswanathii (budding yeasts)	5486	Candida viswanathii	GCA_003327735.1GCF_003327735.1identical	Eukaryota	Ascomycota	Saccharomycetes	Saccharomycetales	Debaryomycetaceae	Candida	Candida viswanathii
GCF_000151145.1	554155	GCF_000151145.1	ASM15114v1	Microsporum canis CBS 113480 (ascomycetes)	63405	Microsporum canis	GCA_000151145.1GCF_000151145.1identical	Eukaryota	Ascomycota	Eurotiomycetes	Onygenales	Arthrodermataceae	Microsporum	Microsporum canis
GCF_000146045.2	559292	GCF_000146045.2	R64	Saccharomyces cerevisiae S288C (baker's yeast)	4932	Saccharomyces cerevisiae	GCA_000146045.2GCF_000146045.2different	Eukaryota	Ascomycota	Saccharomycetes	Saccharomycetales	Saccharomycetaceae	Saccharomyces	Saccharomyces cerevisiae
GCF_000142805.1	559295	GCF_000142805.1	ASM14280v1	Lachancea thermotolerans CBS 6340 (budding yeasts)	381046	Lachancea thermotolerans	GCA_000142805.1GCF_000142805.1identical	Eukaryota	Ascomycota	Saccharomycetes	Saccharomycetales	Saccharomycetaceae	Lachancea	Lachancea thermotolerans
GCF_000003855.2	559298	GCF_000003855.2	BD_SLH14081_V1	Blastomyces gilchristii SLH14081 (ascomycetes)	1681229	Blastomyces gilchristii	GCA_000003855.2GCF_000003855.2identical	Eukaryota	Ascomycota	Eurotiomycetes	Onygenales	Ajellomycetaceae	Blastomyces	Blastomyces gilchristii
GCF_000151425.1	559305	GCF_000151425.1	ASM15142v1	Trichophyton rubrum CBS 118892 (ascomycetes)	5551	Trichophyton rubrum	GCA_000151425.1GCF_000151425.1identical	Eukaryota	Ascomycota	Eurotiomycetes	Onygenales	Arthrodermataceae	Trichophyton	Trichophyton rubrum
GCF_001642055.1	5599	GCF_001642055.1	Altal1	Alternaria alternata (ascomycetes)	5599	Alternaria alternata	GCA_001642055.1GCF_001642055.1identical	Eukaryota	Ascomycota	Dothideomycetes	Pleosporales	Pleosporaceae	Alternaria	Alternaria alternata
GCF_000732125.1	563466	GCF_000732125.1	ScApio1.0	Scedosporium apiospermum (ascomycetes)	563466	Scedosporium apiospermum	GCA_000732125.1GCF_000732125.1identical	Eukaryota	Ascomycota	Sordariomycetes	Microascales	Microascaceae	Scedosporium	Scedosporium apiospermum
GCF_900007375.1	56646	GCF_900007375.1	ASM90000737v1	Fusarium venenatum (ascomycetes)	56646	Fusarium venenatum	GCA_900007375.1GCF_900007375.1identical	Eukaryota	Ascomycota	Sordariomycetes	Hypocreales	Nectriaceae	Fusarium	Fusarium venenatum
GCF_000835495.1	569365	GCF_000835495.1	Clad_immu_CBS83496_V1	Cladophialophora immunda (ascomycetes)	569365	Cladophialophora immunda	GCA_000835495.1GCF_000835495.1identical	Eukaryota	Ascomycota	Eurotiomycetes	Chaetothyriales	Herpotrichiellaceae	Cladophialophora	Cladophialophora immunda
GCF_000226095.1	573729	GCF_000226095.1	ASM22609v1	Thermothelomyces thermophilus ATCC 42464 (ascomycetes)	78579	Thermothelomyces thermophilus	GCA_000226095.1GCF_000226095.1identical	Eukaryota	Ascomycota	Sordariomycetes	Sordariales	Chaetomiaceae	Thermothelomyces	Thermothelomyces thermophilus
GCF_000026945.1	573826	GCF_000026945.1	ASM2694v1	Candida dubliniensis CD36 (budding yeasts)	42374	Candida dubliniensis	GCA_000026945.1GCF_000026945.1identical	Eukaryota	Ascomycota	Saccharomycetes	Saccharomycetales	Debaryomycetaceae	Candida	Candida dubliniensis
GCF_000226115.1	578455	GCF_000226115.1	ASM22611v1	Thielavia terrestris NRRL 8126 (ascomycetes)	35720	Thielavia terrestris	GCA_000226115.1GCF_000226115.1identical	Eukaryota	Ascomycota	Sordariomycetes	Sordariales	Chaetomiaceae	Thielavia	Thielavia terrestris
GCF_000271645.1	578456	GCF_000271645.1	Treme1	Tremella mesenterica DSM 1558 (witches' butter)	5217	Tremella mesenterica	GCA_000271645.1GCF_000271645.1identical	Eukaryota	Basidiomycota	Tremellomycetes	Tremellales	Tremellaceae	Tremella	Tremella mesenterica
GCF_000218685.1	578457	GCF_000218685.1	v1.0	Serpula lacrymans var. lacrymans S7.9 (dry rot fungus)	85982	Serpula lacrymans	GCA_000218685.1GCF_000218685.1identical	Eukaryota	Basidiomycota	Agaricomycetes	Boletales	Serpulaceae	Serpula	Serpula lacrymans
GCF_000143185.1	578458	GCF_000143185.1	v1.0	Schizophyllum commune H4-8 (basidiomycetes)	5334	Schizophyllum commune	GCA_000143185.1GCF_000143185.1identical	Eukaryota	Basidiomycota	Agaricomycetes	Agaricales	Schizophyllaceae	Schizophyllum	Schizophyllum commune
GCF_001329695.1	578459	GCF_001329695.1	Rhoba1_1	Rhodotorula graminis WP1 (basidiomycetes)	29898	Rhodotorula graminis	GCA_001329695.1GCF_001329695.1identical	Eukaryota	Basidiomycota	Microbotryomycetes	Sporidiobolales	Sporidiobolaceae	Rhodotorula	Rhodotorula graminis
GCF_001447935.1	58627	GCF_001447935.1	debFab1.0	Debaryomyces fabryi (budding yeasts)	58627	Debaryomyces fabryi	GCA_001447935.1GCF_001447935.1identical	Eukaryota	Ascomycota	Saccharomycetes	Saccharomycetales	Debaryomycetaceae	Debaryomyces	Debaryomyces fabryi
GCF_003025115.1	58853	GCF_003025115.1	Trici v4.0	Trichoderma citrinoviride (ascomycetes)	58853	Trichoderma citrinoviride	GCA_003025115.1GCF_003025115.1identical	Eukaryota	Ascomycota	Sordariomycetes	Hypocreales	Hypocreaceae	Trichoderma	Trichoderma citrinoviride
GCF_003144115.1	58919	GCF_003144115.1	Tilwa1	Tilletiopsis washingtonensis (basidiomycetes)	58919	Tilletiopsis washingtonensis	GCA_003144115.1GCF_003144115.1identical	Eukaryota	Basidiomycota	Exobasidiomycetes	Entylomatales	NA	Tilletiopsis	Tilletiopsis washingtonensis
GCF_000223465.1	590646	GCF_000223465.1	Candida tenuis v1.0	Yamadazyma tenuis ATCC 10573 (budding yeasts)	2315449	Yamadazyma tenuis	GCA_000223465.1GCF_000223465.1identical	Eukaryota	Ascomycota	Saccharomycetes	Saccharomycetales	Debaryomycetaceae	Yamadazyma	Yamadazyma tenuis
GCF_000300555.1	597362	GCF_000300555.1	Agabi_varbur_1	Agaricus bisporus var. burnettii JB137-S8 (basidiomycetes)	5341	Agaricus bisporus	GCA_000300555.1GCF_000300555.1identical	Eukaryota	Basidiomycota	Agaricomycetes	Agaricales	Agaricaceae	Agaricus	Agaricus bisporus
GCF_000313525.1	599839	GCF_000313525.1	ASM31352v1	Fibroporia radiculosa (basidiomycetes)	599839	Fibroporia radiculosa	GCA_000313525.1GCF_000313525.1identical	Eukaryota	Basidiomycota	Agaricomycetes	Polyporales	NA	Fibroporia	Fibroporia radiculosa
GCF_000223485.1	619300	GCF_000223485.1	Spathaspora passalidarum v2.0	Spathaspora passalidarum NRRL Y-27907 (budding yeasts)	340170	Spathaspora passalidarum	GCA_000223485.1GCF_000223485.1identical	Eukaryota	Ascomycota	Saccharomycetes	Saccharomycetales	Debaryomycetaceae	Spathaspora	Spathaspora passalidarum
GCF_000027005.1	644223	GCF_000027005.1	ASM2700v1	Komagataella phaffii GS115 (budding yeasts)	460519	Komagataella phaffii	GCA_000027005.1GCF_000027005.1identical	Eukaryota	Ascomycota	Saccharomycetes	Saccharomycetales	Phaffomycetaceae	Komagataella	Komagataella phaffii
GCF_000145635.1	644352	GCF_000145635.1	Gae_graminis_V2	Gaeumannomyces tritici R3-111a-1 (ascomycetes)	36779	Gaeumannomyces tritici	GCA_000145635.1GCF_000145635.1identical	Eukaryota	Ascomycota	Sordariomycetes	Magnaporthales	Magnaporthaceae	Gaeumannomyces	Gaeumannomyces tritici
GCF_000149035.1	645133	GCF_000149035.1	C_graminicola_M1_001_V1	Colletotrichum graminicola M1.001 (ascomycetes)	31870	Colletotrichum graminicola	GCA_000149035.1GCF_000149035.1identical	Eukaryota	Ascomycota	Sordariomycetes	Glomerellales	Glomerellaceae	Colletotrichum	Colletotrichum graminicola
GCF_000182565.1	645134	GCF_000182565.1	S_punctatus_V1	Spizellomyces punctatus DAOM BR117 (chytrids)	109760	Spizellomyces punctatus	GCA_000182565.2GCF_000182565.1identical	Eukaryota	Chytridiomycota	Chytridiomycetes	Spizellomycetales	Spizellomycetaceae	Spizellomyces	Spizellomyces punctatus
GCF_002105155.1	64571	GCF_002105155.1	Lobtra1	Lobosporangium transversale (fungi)	64571	Lobosporangium transversale	GCA_002105155.1GCF_002105155.1identical	Eukaryota	Mucoromycota	Mortierellomycetes	Mortierellales	Mortierellaceae	Lobosporangium	Lobosporangium transversale
GCF_000300595.1	650164	GCF_000300595.1	Phanerochaete carnosa HHB-10118-Sp v1.0	Phanerochaete carnosa HHB-10118-sp (basidiomycetes)	231932	Phanerochaete carnosa	GCA_000300595.1GCF_000300595.1identical	Eukaryota	Basidiomycota	Agaricomycetes	Polyporales	Phanerochaetaceae	Phanerochaete	Phanerochaete carnosa
GCF_000004155.1	653667	GCF_000004155.1	SCY4	Schizosaccharomyces cryophilus OY26 (ascomycetes)	866546	Schizosaccharomyces cryophilus	GCA_000004155.2GCF_000004155.1identical	Eukaryota	Ascomycota	Schizosaccharomycetes	Schizosaccharomycetales	Schizosaccharomycetaceae	Schizosaccharomyces	Schizosaccharomyces cryophilus
GCF_000280675.1	655819	GCF_000280675.1	ASM28067v1	Beauveria bassiana ARSEF 2860 (ascomycetes)	176275	Beauveria bassiana	GCA_000280675.1GCF_000280675.1identical	Eukaryota	Ascomycota	Sordariomycetes	Hypocreales	Cordycipitaceae	Beauveria	Beauveria bassiana
GCF_000187405.1	655827	GCF_000187405.1	MetAcr_May2010	Metarhizium acridum CQMa 102 (ascomycetes)	92637	Metarhizium acridum	GCA_000187405.1GCF_000187405.1identical	Eukaryota	Ascomycota	Sordariomycetes	Hypocreales	Clavicipitaceae	Metarhizium	Metarhizium acridum
GCF_000187425.2	655844	GCF_000187425.2	MAA 2.0	Metarhizium robertsii ARSEF 23 (ascomycetes)	568076	Metarhizium robertsii	GCA_000187425.2GCF_000187425.2identical	Eukaryota	Ascomycota	Sordariomycetes	Hypocreales	Clavicipitaceae	Metarhizium	Metarhizium robertsii
GCF_000143105.1	655863	GCF_000143105.1	Sanger-454-IlluminaPA_2.0	Grosmannia clavigera kw1407 (ascomycetes)	226899	Grosmannia clavigera	GCA_000143105.2GCF_000143105.1identical	Eukaryota	Ascomycota	Sordariomycetes	Ophiostomatales	Ophiostomataceae	Grosmannia	Grosmannia clavigera
GCF_001641265.1	655981	GCF_001641265.1	ASM164126v1	Pseudogymnoascus destructans (ascomycetes)	655981	Pseudogymnoascus destructans	GCA_001641265.1GCF_001641265.1identical	Eukaryota	Ascomycota	Leotiomycetes	NA	Pseudeurotiaceae	Pseudogymnoascus	Pseudogymnoascus destructans
GCF_000151355.1	660122	GCF_000151355.1	v2.0	[Nectria] haematococca mpVI 77-13-4 (ascomycetes)	140110	[Nectria] haematococca	GCA_000151355.1GCF_000151355.1identical	Eukaryota	Ascomycota	Sordariomycetes	Hypocreales	Nectriaceae	Fusarium	[Nectria] haematococca
GCF_000151505.1	663202	GCF_000151505.1	ASM15150v1	Trichophyton verrucosum HKI 0517 (ascomycetes)	63417	Trichophyton verrucosum	GCA_000151505.1GCF_000151505.1identical	Eukaryota	Ascomycota	Eurotiomycetes	Onygenales	Arthrodermataceae	Trichophyton	Trichophyton verrucosum
GCF_000151125.1	663331	GCF_000151125.1	ASM15112v2	Trichophyton benhamiae CBS 112371 (ascomycetes)	63400	Trichophyton benhamiae	GCA_000151125.2GCF_000151125.1identical	Eukaryota	Ascomycota	Eurotiomycetes	Onygenales	Arthrodermataceae	Trichophyton	Trichophyton benhamiae
GCF_000354255.1	665024	GCF_000354255.1	CocheC4_1	Bipolaris maydis ATCC 48331 (southern corn leaf blight pathogen)	5016	Bipolaris maydis	GCA_000354255.1GCF_000354255.1identical	Eukaryota	Ascomycota	Dothideomycetes	Pleosporales	Pleosporaceae	Bipolaris	Bipolaris maydis
GCF_000146945.2	665079	GCF_000146945.1	ASM14694v2	Sclerotinia sclerotiorum 1980 UF-70 (ascomycetes)	5180	Sclerotinia sclerotiorum	GCA_000146945.2GCF_000146945.2identical	Eukaryota	Ascomycota	Leotiomycetes	Helotiales	Sclerotiniaceae	Sclerotinia	Sclerotinia sclerotiorum
GCF_000338995.1	665912	GCF_000338995.1	Cocsa1	Bipolaris sorokiniana ND90Pr (ascomycetes)	45130	Bipolaris sorokiniana	GCA_000338995.1GCF_000338995.1identical	Eukaryota	Ascomycota	Dothideomycetes	Pleosporales	Pleosporaceae	Bipolaris	Bipolaris sorokiniana
GCF_000344685.1	670483	GCF_000344685.1	Glotr1_1	Gloeophyllum trabeum ATCC 11539 (basidiomycetes)	104355	Gloeophyllum trabeum	GCA_000344685.1GCF_000344685.1identical	Eukaryota	Basidiomycota	Agaricomycetes	Gloeophyllales	Gloeophyllaceae	Gloeophyllum	Gloeophyllum trabeum
GCF_002117355.1	670580	GCF_002117355.1	PosplRSB12_1	Postia placenta MAD-698-R-SB12 (basidiomycetes)	104341	Postia placenta	GCA_002117355.1GCF_002117355.1identical	Eukaryota	Basidiomycota	Agaricomycetes	Polyporales	Dacryobolaceae	Postia	Postia placenta
GCF_000263375.1	671144	GCF_000263375.1	Wallemia sebi v1.0	Wallemia mellicola CBS 633.66 (basidiomycetes)	1708541	Wallemia mellicola	GCA_000263375.1GCF_000263375.1identical	Eukaryota	Basidiomycota	Wallemiomycetes	Wallemiales	Wallemiaceae	Wallemia	Wallemia mellicola
GCF_000359705.1	671987	GCF_000359705.1	Setospaeria trucica Et28A v1.0	Exserohilum turcica Et28A (northern corn leaf blight)	93612	Exserohilum turcicum	GCA_000359705.1GCF_000359705.1identical	Eukaryota	Ascomycota	Dothideomycetes	Pleosporales	Pleosporaceae	Exserohilum	Exserohilum turcicum
GCF_001661255.1	683960	GCF_001661255.1	Wican1	Wickerhamomyces anomalus NRRL Y-366-8 (budding yeasts)	4927	Wickerhamomyces anomalus	GCA_001661255.1GCF_001661255.1identical	Eukaryota	Ascomycota	Saccharomycetes	Saccharomycetales	Phaffomycetaceae	Wickerhamomyces	Wickerhamomyces anomalus
GCF_000203795.1	684364	GCF_000203795.1	v1.0	Batrachochytrium dendrobatidis JAM81 (chytrids)	109871	Batrachochytrium dendrobatidis	GCA_000203795.1GCF_000203795.1identical	Eukaryota	Chytridiomycota	Chytridiomycetes	Rhizophydiales	NA	Batrachochytrium	Batrachochytrium dendrobatidis
GCF_001890905.1	690307	GCF_001890905.1	Aspac1	Aspergillus aculeatus ATCC 16872 (ascomycetes)	5053	Aspergillus aculeatus	GCA_001890905.1GCF_001890905.1identical	Eukaryota	Ascomycota	Eurotiomycetes	Eurotiales	Aspergillaceae	Aspergillus	Aspergillus aculeatus
GCF_000320565.1	692275	GCF_000320565.1	Septoria musiva SO2202 v1.0	Sphaerulina musiva SO2202 (ascomycetes)	85929	Sphaerulina musiva	GCA_000320565.2GCF_000320565.1identical	Eukaryota	Ascomycota	Dothideomycetes	Capnodiales	Mycosphaerellaceae	Sphaerulina	Sphaerulina musiva
GCF_000271605.1	694068	GCF_000271605.1	Fomme1	Fomitiporia mediterranea MF3/22 (basidiomycetes)	208960	Fomitiporia mediterranea	GCA_000271605.1GCF_000271605.1identical	Eukaryota	Basidiomycota	Agaricomycetes	Hymenochaetales	Hymenochaetaceae	Fomitiporia	Fomitiporia mediterranea
GCF_001661265.1	698492	GCF_001661265.1	Saico1	Saitoella complicata NRRL Y-17804 (ascomycetes)	5606	Saitoella complicata	GCA_001661265.1GCF_001661265.1identical	Eukaryota	Ascomycota	NA	NA	NA	Saitoella	Saitoella complicata
GCF_000338955.1	717646	GCF_000338955.1	Bauco1	Baudoinia panamericana UAMH 10762 (ascomycetes)	1709381	Baudoinia panamericana	GCA_000338955.1GCF_000338955.1identical	Eukaryota	Ascomycota	Dothideomycetes	Capnodiales	Teratosphaeriaceae	Baudoinia	Baudoinia panamericana
GCF_000271585.1	717944	GCF_000271585.1	Trametes versicolor v1.0	Trametes versicolor FP-101664 SS1 (basidiomycetes)	5325	Trametes versicolor	GCA_000271585.1GCF_000271585.1identical	Eukaryota	Basidiomycota	Agaricomycetes	Polyporales	Polyporaceae	Trametes	Trametes versicolor
GCF_000264905.1	721885	GCF_000264905.1	Stehi1	Stereum hirsutum FP-91666 SS1 (basidiomycetes)	40492	Stereum hirsutum	GCA_000264905.1GCF_000264905.1identical	Eukaryota	Basidiomycota	Agaricomycetes	Russulales	Stereaceae	Stereum	Stereum hirsutum
GCF_000275845.1	732165	GCF_000275845.1	Dichomitus squalens v1.0	Dichomitus squalens LYAD-421 SS1 (basidiomycetes)	114155	Dichomitus squalens	GCA_000275845.1GCF_000275845.1identical	Eukaryota	Basidiomycota	Agaricomycetes	Polyporales	Polyporaceae	Dichomitus	Dichomitus squalens
GCF_000264995.1	741275	GCF_000264995.1	Punctularia strigosozonata v1.0	Punctularia strigosozonata HHB-11173 SS5 (basidiomycetes)	202698	Punctularia strigosozonata	GCA_000264995.1GCF_000264995.1identical	Eukaryota	Basidiomycota	Agaricomycetes	Corticiales	Punctulariaceae	Punctularia	Punctularia strigosozonata
GCF_000271625.1	741705	GCF_000271625.1	Conpu1	Coniophora puteana RWD-64-598 SS2 (basidiomycetes)	80637	Coniophora puteana	GCA_000271625.1GCF_000271625.1identical	Eukaryota	Basidiomycota	Agaricomycetes	Boletales	Coniophoraceae	Coniophora	Coniophora puteana
GCF_000439145.1	747089	GCF_000439145.1	ASM43914v3	Rhizophagus irregularis DAOM 181602=DAOM 197198 (glomeromycetes)	588596	Rhizophagus irregularis	GCA_000439145.3GCF_000439145.1identical	Eukaryota	Mucoromycota	Glomeromycetes	Glomerales	Glomeraceae	Rhizophagus	Rhizophagus irregularis
GCF_000320585.1	747525	GCF_000320585.1	Heterobasidion irregulare v2.0	Heterobasidion irregulare TC 32-1 (basidiomycetes)	984962	Heterobasidion irregulare	GCA_000320585.2GCF_000320585.1identical	Eukaryota	Basidiomycota	Agaricomycetes	Russulales	Bondarzewiaceae	Heterobasidion	Heterobasidion irregulare
GCF_000204055.1	747676	GCF_000204055.1	v1.0	Melampsora larici-populina 98AG31 (rust fungi)	203908	Melampsora larici-populina	GCA_000204055.1GCF_000204055.1identical	Eukaryota	Basidiomycota	Pucciniomycetes	Pucciniales	Melampsoraceae	Melampsora	Melampsora larici-populina
GCF_000225545.1	756982	GCF_000225545.1	AOL24927 1.0	Arthrobotrys oligospora ATCC 24927 (ascomycetes)	13349	Arthrobotrys oligospora	GCA_000225545.1GCF_000225545.1identical	Eukaryota	Ascomycota	Orbiliomycetes	Orbiliales	Orbiliaceae	Arthrobotrys	Arthrobotrys oligospora
GCF_000221225.1	759272	GCF_000221225.1	CTHT_3.0	Chaetomium thermophilum var. thermophilum DSM 1495 (ascomycetes)	209285	Chaetomium thermophilum	GCA_000221225.1GCF_000221225.1identical	Eukaryota	Ascomycota	Sordariomycetes	Sordariales	Chaetomiaceae	Chaetomium	Chaetomium thermophilum
GCF_001672515.1	759273	GCF_001672515.1	ASM167251v1	Colletotrichum higginsianum IMI 349063 (ascomycetes)	80884	Colletotrichum higginsianum	GCA_001672515.1GCF_001672515.1identical	Eukaryota	Ascomycota	Sordariomycetes	Glomerellales	Glomerellaceae	Colletotrichum	Colletotrichum higginsianum
GCF_001661235.1	763406	GCF_001661235.1	Picme2	Pichia membranifaciens NRRL Y-2026 (budding yeasts)	4926	Pichia membranifaciens	GCA_001661235.1GCF_001661235.1identical	Eukaryota	Ascomycota	Saccharomycetes	Saccharomycetales	Pichiaceae	Pichia	Pichia membranifaciens
GCF_001638985.1	763407	GCF_001638985.1	Phybl2	Phycomyces blakesleeanus NRRL 1555(-) (fungi)	4837	Phycomyces blakesleeanus	GCA_001638985.2GCF_001638985.1identical	Eukaryota	Mucoromycota	Mucoromycetes	Mucorales	Phycomycetaceae	Phycomyces	Phycomyces blakesleeanus
GCF_000708205.1	764103	GCF_000708205.1	Mixia osmundae v1.0	Mixia osmundae IAM 14324 (basidiomycetes)	34349	Mixia osmundae	GCA_000708205.1GCF_000708205.1identical	Eukaryota	Basidiomycota	Mixiomycetes	Mixiales	Mixiaceae	Mixia	Mixia osmundae
GCF_003290485.1	76775	GCF_003290485.1	ASM329048v1	Malassezia restricta (basidiomycetes)	76775	Malassezia restricta	GCA_003290485.1GCF_003290485.1identical	Eukaryota	Basidiomycota	Malasseziomycetes	Malasseziales	Malasseziaceae	Malassezia	Malassezia restricta
GCF_001278385.1	77020	GCF_001278385.1	MalaPachy	Malassezia pachydermatis (basidiomycetes)	77020	Malassezia pachydermatis	GCA_001278385.1GCF_001278385.1identical	Eukaryota	Basidiomycota	Malasseziomycetes	Malasseziales	Malasseziaceae	Malassezia	Malassezia pachydermatis
GCF_000182805.2	771870	GCF_000182805.2	ASM18280v2	Sordaria macrospora k-hell (ascomycetes)	5147	Sordaria macrospora	GCA_000182805.2GCF_000182805.2identical	Eukaryota	Ascomycota	Sordariomycetes	Sordariales	Sordariaceae	Sordaria	Sordaria macrospora
GCF_001640025.1	796027	GCF_001640025.1	ASM164002v2	Sugiyamaella lignohabitans (budding yeasts)	796027	Sugiyamaella lignohabitans	GCA_001640025.2GCF_001640025.1different	Eukaryota	Ascomycota	Saccharomycetes	Saccharomycetales	Trichomonascaceae	Sugiyamaella	Sugiyamaella lignohabitans
GCF_000747765.1	84753	GCF_000747765.1	ASM74776v1	Moesziomyces antarcticus (smut fungi)	84753	Moesziomyces antarcticus	GCA_000747765.1GCF_000747765.1identical	Eukaryota	Basidiomycota	Ustilaginomycetes	Ustilaginales	Ustilaginaceae	Moesziomyces	Moesziomyces antarcticus
GCF_001646965.1	856822	GCF_001646965.1	ASM164696v1	Fonsecaea nubica (ascomycetes)	856822	Fonsecaea nubica	GCA_001646965.1GCF_001646965.1identical	Eukaryota	Ascomycota	Eurotiomycetes	Chaetothyriales	Herpotrichiellaceae	Fonsecaea	Fonsecaea nubica
GCF_003019875.1	857342	GCF_003019875.1	Amore1	Amorphotheca resinae ATCC 22711 (creosote fungus)	5101	Amorphotheca resinae	GCA_003019875.1GCF_003019875.1identical	Eukaryota	Ascomycota	Leotiomycetes	NA	Myxotrichaceae	Amorphotheca	Amorphotheca resinae
GCF_000230625.1	858893	GCF_000230625.1	Exop_derm_V1	Exophiala dermatitidis NIH/UT8656 (ascomycetes)	5970	Exophiala dermatitidis	GCA_000230625.1GCF_000230625.1identical	Eukaryota	Ascomycota	Eurotiomycetes	Chaetothyriales	Herpotrichiellaceae	Exophiala	Exophiala dermatitidis
GCF_001664035.1	869754	GCF_001664035.1	Metbi1	Metschnikowia bicuspidata var. bicuspidata NRRL YB-4993 (budding yeasts)	27322	Metschnikowia bicuspidata	GCA_001664035.1GCF_001664035.1identical	Eukaryota	Ascomycota	Saccharomycetes	Saccharomycetales	Metschnikowiaceae	Metschnikowia	Metschnikowia bicuspidata
GCF_000187245.1	871575	GCF_000187245.1	Hansenula_2	Ogataea parapolymorpha DL-1 (budding yeasts)	1005962	Ogataea parapolymorpha	GCA_000187245.3GCF_000187245.1identical	Eukaryota	Ascomycota	Saccharomycetes	Saccharomycetales	Pichiaceae	Ogataea	Ogataea parapolymorpha
GCF_000146465.1	876142	GCF_000146465.1	ASM14646v1	Encephalitozoon intestinalis ATCC 50506 (microsporidians)	58839	Encephalitozoon intestinalis	GCA_000146465.1GCF_000146465.1identical	Eukaryota	Microsporidia	NA	NA	Unikaryonidae	Encephalitozoon	Encephalitozoon intestinalis
GCF_001027345.1	879819	GCF_001027345.1	Triol1	Cutaneotrichosporon oleaginosum (basidiomycetes)	879819	Cutaneotrichosporon oleaginosum	GCA_001027345.1GCF_001027345.1identical	Eukaryota	Basidiomycota	Tremellomycetes	Trichosporonales	Trichosporonaceae	Cutaneotrichosporon	Cutaneotrichosporon oleaginosum
GCF_000250985.1	881290	GCF_000250985.1	Nema_parisii_ERTm1_V3	Nematocida parisii ERTm1 (microsporidians)	586133	Nematocida parisii	GCA_000250985.1GCF_000250985.1identical	Eukaryota	Microsporidia	NA	NA	NA	Nematocida	Nematocida parisii
GCF_000277815.2	907965	GCF_000277815.2	ASM27781v3	Encephalitozoon hellem ATCC 50504 (microsporidians)	27973	Encephalitozoon hellem	GCA_000277815.3GCF_000277815.2identical	Eukaryota	Microsporidia	NA	NA	Unikaryonidae	Encephalitozoon	Encephalitozoon hellem
GCF_000836115.1	91928	GCF_000836115.1	Exop_spin_CBS89968_V1	Exophiala spinifera (ascomycetes)	91928	Exophiala spinifera	GCA_000836115.1GCF_000836115.1identical	Eukaryota	Ascomycota	Eurotiomycetes	Chaetothyriales	Herpotrichiellaceae	Exophiala	Exophiala spinifera
GCF_000523435.1	930089	GCF_000523435.1	Cochliobolus carbonum v1.0	Bipolaris zeicola 26-R-13 (ascomycetes)	5017	Bipolaris zeicola	GCA_000523435.1GCF_000523435.1identical	Eukaryota	Ascomycota	Dothideomycetes	Pleosporales	Pleosporaceae	Bipolaris	Bipolaris zeicola
GCF_000523455.1	930090	GCF_000523455.1	Cochliobolus miyabeanus v1.0	Bipolaris oryzae ATCC 44560 (ascomycetes)	101162	Bipolaris oryzae	GCA_000523455.1GCF_000523455.1identical	Eukaryota	Ascomycota	Dothideomycetes	Pleosporales	Pleosporaceae	Bipolaris	Bipolaris oryzae
GCF_000527765.1	930091	GCF_000527765.1	Cochliobolus victoriae v1.0	Bipolaris victoriae FI3 (ascomycetes)	40125	Bipolaris victoriae	GCA_000527765.1GCF_000527765.1identical	Eukaryota	Ascomycota	Dothideomycetes	Pleosporales	Pleosporaceae	Bipolaris	Bipolaris victoriae
GCF_000235365.1	931890	GCF_000235365.1	ASM23536v1	Eremothecium cymbalariae DBVPG#7215 (budding yeasts)	45285	Eremothecium cymbalariae	GCA_000235365.1GCF_000235365.1identical	Eukaryota	Ascomycota	Saccharomycetes	Saccharomycetales	Saccharomycetaceae	Eremothecium	Eremothecium cymbalariae
GCF_000300575.1	936046	GCF_000300575.1	Agabi_varbisH97_2	Agaricus bisporus var. bisporus H97 (basidiomycetes)	5341	Agaricus bisporus	GCA_000300575.1GCF_000300575.1identical	Eukaryota	Basidiomycota	Agaricomycetes	Agaricales	Agaricaceae	Agaricus	Agaricus bisporus
GCF_000192795.1	948595	GCF_000192795.1	Vavr_culi_floridensis_V1	Vavraia culicis subsp. floridensis (microsporidians)	103449	Vavraia culicis	GCA_000192795.1GCF_000192795.1identical	Eukaryota	Microsporidia	NA	NA	Pleistophoridae	Vavraia	Vavraia culicis
GCF_000225605.1	983644	GCF_000225605.1	CmilitarisCM01_v01	Cordyceps militaris CM01 (ascomycetes)	73501	Cordyceps militaris	GCA_000225605.1GCF_000225605.1identical	Eukaryota	Ascomycota	Sordariomycetes	Hypocreales	Cordycipitaceae	Cordyceps	Cordyceps militaris
GCF_003025095.1	983964	GCF_003025095.1	Triha v1.0	Trichoderma harzianum CBS 226.95 (ascomycetes)	5544	Trichoderma harzianum	GCA_003025095.1GCF_003025095.1identical	Eukaryota	Ascomycota	Sordariomycetes	Hypocreales	Hypocreaceae	Trichoderma	Trichoderma harzianum
GCF_001661405.1	983966	GCF_001661405.1	Cybja1	Cyberlindnera jadinii NRRL Y-1542 (budding yeasts)	4903	Cyberlindnera jadinii	GCA_001661405.1GCF_001661405.1identical	Eukaryota	Ascomycota	Saccharomycetes	Saccharomycetales	Phaffomycetaceae	Cyberlindnera	Cyberlindnera jadinii
GCF_001661395.1	984485	GCF_001661395.1	Hypbu1	Hyphopichia burtonii NRRL Y-1933 (budding yeasts)	717740	Hyphopichia burtonii	GCA_001661395.1GCF_001661395.1identical	Eukaryota	Ascomycota	Saccharomycetes	Saccharomycetales	Debaryomycetaceae	Hyphopichia	Hyphopichia burtonii
GCF_001661335.1	984486	GCF_001661335.1	Babin1	Babjeviella inositovora NRRL Y-12698 (budding yeasts)	45609	Babjeviella inositovora	GCA_001661335.1GCF_001661335.1identical	Eukaryota	Ascomycota	Saccharomycetes	Saccharomycetales	Debaryomycetaceae	Babjeviella	Babjeviella inositovora
GCF_001661415.1	984487	GCF_001661415.1	Canta1	Suhomyces tanzawaensis NRRL Y-17324 (budding yeasts)	46583	Suhomyces tanzawaensis	GCA_001661415.1GCF_001661415.1identical	Eukaryota	Ascomycota	Saccharomycetes	Saccharomycetales	Debaryomycetaceae	Suhomyces	Suhomyces tanzawaensis
GCF_000230375.1	985895	GCF_000230375.1	ASM23037v1	Leptosphaeria maculans JN3 (blackleg of rapeseed fungus)	5022	Leptosphaeria maculans	GCA_000230375.1GCF_000230375.1identical	Eukaryota	Ascomycota	Dothideomycetes	Pleosporales	Leptosphaeriaceae	Leptosphaeria	Leptosphaeria maculans
GCF_000231115.1	993615	GCF_000231115.1	Vitt_corn_V1	Vittaforma corneae ATCC 50505 (microsporidians)	42399	Vittaforma corneae	GCA_000231115.1GCF_000231115.1identical	Eukaryota	Microsporidia	NA	NA	Nosematidae	Vittaforma	Vittaforma corneae
